num,original,verified,author,status
1,The Music Tree- A Plan for Musical Growth,The Music Tree- A Plan for Musical Growth,Frances Clark; Louise Goss,not found
2,"A Celebration of Notes- Naming, Drawing, Playing, Hearing- Book 2","A Celebration of Notes- Naming, Drawing, Playing, Hearing- Book 2",Jane Simsor Bastien,not found
3,Music Puzzles- Fun for Everyone,Music Puzzles- Fun for Everyone,Black Cat Productions,not found
4,Virgin Island Folk Songs,Virgin Island Folk Songs,Bill La Motta,not found
5,Ukulele Encore- Songs and Arrangements for the Ukulelle,Ukulele Encore- Songs and Arrangements for the Ukulelle,J. Chalmers Doane,not found
6,Classroom Ukulele- Book One,Classroom Ukulele- Book One,J. Chalmers Doane,not found
7,Comprehensive Recorder Method- Teacher's Manual- Singing and Playing with Orff Instruments,Comprehensive Recorder Method- Teacher's Manual- Singing and Playing with Orff Instruments,Laurence and Elizabeth Wheeler,not found
8,Play the Recorder- Book 1,Play the Recorder- Book 1,Robert Salkeld,not found
9,The Sunny Snowbear,The Sunny Snowbear,David Carr Glover,not found
10,Young Composer's Notebook- A student's Guide to Composing- Vol 2,Young Composer's Notebook- A student's Guide to Composing- Vol 2,Frances Balodis,not found
11,Young Composer's Notebook- A student's Guide to Composing- Vol. 3,Young Composer's Notebook- A student's Guide to Composing- Vol. 3,,not found
12,Music by Me- A Composition Workbook,Music by Me- A Composition Workbook,Kevin Olson and Wynn-Anne Rossi,not found
13,Music Manipulatives Workbook: Playful props to Reinforce Musical Concepts,Music Manipulatives Workbook: Playful props to Reinforce Musical Concepts,Danielle Bayert,not found
14,Let's Sing and Dance Today,Let's Sing and Dance Today,Diane Shieron,not found
15,Let's Sing and Dance Today,Let's Sing and Dance Today,Diane Shieron,not found
16,"A Rhyme in Tyme- Rhythm, Speech Activities and Improvisation for the Classroom","A Rhyme in Tyme- Rhythm, Speech Activities and Improvisation for the Classroom",Doug Goodkin,not found
17,2nd Rhyme Around- More nursery rhyme with music for Children,2nd Rhyme Around- More nursery rhyme with music for Children,Randy DeLelles and Jeff Kriske,not found
18,Essential Rhythm Activities for the Music Classroom- Ready to use lesson and games for grades Pre-K-8,Essential Rhythm Activities for the Music Classroom- Ready to use lesson and games for grades Pre-K-8,Eric Branscome,not found
19,Energize Your Music Room- Engaging Games and Activities for Orff Classrooms,Energize Your Music Room- Engaging Games and Activities for Orff Classrooms,Tim Weigand,not found
20,Tyme for a Rhyme- Nursery Rhymes with Music for Children,Tyme for a Rhyme- Nursery Rhymes with Music for Children,Randy DeLelles and Jeff Kriske,not found
21,All Around the Buttercup- A Supplement to Music for Children,All Around the Buttercup- A Supplement to Music for Children,Ruth Boshkoff,not found
22,The Beat of a Drum- A Collection of Seventeen Canadian Folksongs with Accompaniments for Orff Instruments,The Beat of a Drum- A Collection of Seventeen Canadian Folksongs with Accompaniments for Orff Instruments,Alvin Spaxman,not found
23,Animal Cracker Suite and Other Poems- A Supplement to Music for Children,Animal Cracker Suite and Other Poems- A Supplement to Music for Children,Deborah A. Imiolo-Schriver,not found
24,Let's Sing! Let's Dance! Let's Play! Songs and Dances arranged for Orff Instruments,Let's Sing! Let's Dance! Let's Play! Songs and Dances arranged for Orff Instruments,Alice Olsen,not found
25,Once Long Ago- Three Folk Tales with Music for Children,Once Long Ago- Three Folk Tales with Music for Children,Randy DeLelles and Jeff Kriske,not found
26,A Musical Treat That's Fun to Beat- The Poetry of Dennis Lee set in the Orff Style,A Musical Treat That's Fun to Beat- The Poetry of Dennis Lee set in the Orff Style,Judy Sills,not found
27,Staff and Symbol Games,Staff and Symbol Games,Denise Gagne,not found
28,Staff and Symbol Games,Staff and Symbol Games,Denise Gagne,not found
29,Fun 'N Games Galore- An Orff Based Approach- Vol. 1,Fun 'N Games Galore- An Orff Based Approach- Vol. 1,Sue Harvie,not found
30,Get to the Point- A Collection of Pointing Pages and Powerful Plans,Get to the Point- A Collection of Pointing Pages and Powerful Plans,Artie Almedia and Katie Grace Miller,not found
31,Listening Fun with Scarves and Tennis Balls,Listening Fun with Scarves and Tennis Balls,Dan Fee,not found
32,"Parachutes and Ribbons and Scarves, Oh My! Listening Lessons with Movement Props","Parachutes and Ribbons and Scarves, Oh My! Listening Lessons with Movement Props",Artie Almedia,not found
33,"Woods, Metals, Shakers, Skins- Hoop Group Activities for your Active Music Room","Woods, Metals, Shakers, Skins- Hoop Group Activities for your Active Music Room",Artie Almedia,not found
34,Percussion Parade,Percussion Parade,Artie Almedia,not found
35,"Sing, Dance, and Play as you Assess Along the Way","Sing, Dance, and Play as you Assess Along the Way",Daphne Price & Lori Price Wagner,not found
36,Hot Peas & Barley-O- Children's Songs and Games from Scotland,Hot Peas & Barley-O- Children's Songs and Games from Scotland,Susan Brumfield,not found
37,First We Sing! 100 Little Songs and Rhymes,First We Sing! 100 Little Songs and Rhymes,Susan Brumfield,not found
38,Over the Garden Wall- Children's Songs and Games from Scotland,Over the Garden Wall- Children's Songs and Games from Scotland,Susan Brumfield,not found
39,An Illustrated History of Music for Young Musicians- The Romantic Period,An Illustrated History of Music for Young Musicians- The Romantic Period,Gilles Comeau and Rosemary Covert,not found
40,An Illustrated History of Music for Young Musicians- The Classical Period,An Illustrated History of Music for Young Musicians- The Classical Period,Gilles Comeau and Rosemary Covert,not found
41,An Illustrated History of Music for Young Musicians- The Middle Ages and the Renaissance Period,An Illustrated History of Music for Young Musicians- The Middle Ages and the Renaissance Period,Gilles Comeau and Rosemary Covert,not found
42,An Illustrated History of Music for Young Musicians- The Baroque Period,An Illustrated History of Music for Young Musicians- The Baroque Period,Gilles Comeau and Rosemary Covert,not found
43,An Illustrated History of Music for Young Musicians- The Twentieth Century,An Illustrated History of Music for Young Musicians- The Twentieth Century,Gilles Comeau and Rosemary Covert,not found
44,Classical Themes for All Keyboards,Classical Themes for All Keyboards,Wise Publications,not found
45,"Fun with Composers- Vol 2- A Simple, Fun Approach to Classical Music- Pre K- Grade 3","Fun with Composers- Vol 2- A Simple, Fun Approach to Classical Music- Pre K- Grade 3",Deborah Lyn Ziolkoski,not found
46,The Recorder Consort- 47 pieces for recorder consort collected by Steve Rosenberg,The Recorder Consort- 47 pieces for recorder consort collected by Steve Rosenberg,Steve Rosenberg,not found
47,Playtime- Instrumental Pieces,Playtime- Instrumental Pieces,Shirley W. McRae,not found
48,More Hooked on Easy Piano Classics- Vol. 2,More Hooked on Easy Piano Classics- Vol. 2,Edwin McLean,not found
49,Recorder Rudiments,Recorder Rudiments,Irene Enns,not found
50,Recorder Rudiments,Recorder Rudiments,Irene Enns,not found
51,400 Super Song Fest- Folk Songs of Today- No. 2,400 Super Song Fest- Folk Songs of Today- No. 2,Charles Hansen,not found
52,Sound Foundation- Practical Jazz/Blues Theory- Revised 2000,Sound Foundation- Practical Jazz/Blues Theory- Revised 2000,Joyce Pinckney,not found
53,Musica Activa- An Approach to Music Education,Musica Activa- An Approach to Music Education,Jos Wuytack,not found
54,What to Teach When- K- 1 Grades- A Thoughtful and Engaging Music Curriculum,What to Teach When- K- 1 Grades- A Thoughtful and Engaging Music Curriculum,Don Dupont and Brian Hiller,not found
55,What to Teach When- 2-3 Grades- A Thoughtful and Engaging Music Curriculum,What to Teach When- 2-3 Grades- A Thoughtful and Engaging Music Curriculum,Don Dupont and Brian Hiller,not found
56,What to Teach When- 4-5 Grades- A Thoughtful and Engaging Music Curriculum,What to Teach When- 4-5 Grades- A Thoughtful and Engaging Music Curriculum,Don Dupont and Brian Hiller,not found
57,"First, We Sing! Kodaly-Inspired Teaching for the Music Classroom","First, We Sing! Kodaly-Inspired Teaching for the Music Classroom",Susan Brumfield,not found
58,"First, We Sing! Songbook One- Songs and Games for the Music Class","First, We Sing! Songbook One- Songs and Games for the Music Class",Susan Brumfield,not found
59,"First, We Sing! Songbook Two- Songs and Games for the Music Class","First, We Sing! Songbook Two- Songs and Games for the Music Class",Susan Brumfield,not found
60,"First, We Sing! Songbook Three- Songs and Games for the Music Class","First, We Sing! Songbook Three- Songs and Games for the Music Class",Susan Brumfield,not found
61,Songs of the Earth- Music of the World,Songs of the Earth- Music of the World,Anna Kealoha,not found
62,"Exploring Rhythm Instruments- An easy guide to teaching and playing ""The Percussion Family""","Exploring Rhythm Instruments- An easy guide to teaching and playing ""The Percussion Family""",Joe Berarducci,not found
63,School for Hand Drum- Book 1 Part A,School for Hand Drum- Book 1 Part A,Werner Stadler and Manfred Perchermeier,not found
64,The Sweet Pipes Recorder Book- A Method for Adults and Older Beginners- Soprano,The Sweet Pipes Recorder Book- A Method for Adults and Older Beginners- Soprano,Gerald Burakoff and William Hettrick,not found
65,The Sweet Pipes Recorder Book- A Method for Adults and Older Beginners- Alto,The Sweet Pipes Recorder Book- A Method for Adults and Older Beginners- Alto,Gerald Burakoff and William Hettrick,not found
66,The Sweet Pipes Recorder Book- A Method for Adults and Older Beginners- Alto,The Sweet Pipes Recorder Book- A Method for Adults and Older Beginners- Alto,Gerald Burakoff and William Hettrick,not found
67,Sound Thinking- Music for Sightsinging and Ear Training,Sound Thinking- Music for Sightsinging and Ear Training,Philip Tacka and Micheal Houlahan,not found
68,The Penguin Book of Canadian Folk Songs,The Penguin Book of Canadian Folk Songs,Edith Fowke,not found
69,The Penguin Book of Canadian Folk Songs,The Penguin Book of Canadian Folk Songs,Edith Fowke,not found
70,The Penguin Book of Canadian Folk Songs,The Penguin Book of Canadian Folk Songs,Edith Fowke,not found
71,Kidstix- Rockin' Repertoire for Rhythm Readiness- Grades 3-6,Kidstix- Rockin' Repertoire for Rhythm Readiness- Grades 3-6,Artie Almeida,not found
72,Mallet Madness Strikes Again,Mallet Madness Strikes Again,Add details,not found
73,Kodaly method books- ????,Kodaly method books- ????,,not found
74,Rhythm and Movement- Applications of Dalcroze Eurthymics,Rhythm and Movement- Applications of Dalcroze Eurthymics,Elsa Findlay,not found
75,Favorite Nursery Rhymes,Favorite Nursery Rhymes,Novello,not found
76,Peter and the Wolf- Simplified for Piano- Story and Coloring book Illustrations,Peter and the Wolf- Simplified for Piano- Story and Coloring book Illustrations,Richard Bradley,not found
77,A Holiday in Canada,A Holiday in Canada,Boris Berlin,not found
78,Let's Have a Rhythm Band,Let's Have a Rhythm Band,Eva Mirchin,not found
79,Quick Starts for Young Choir- Activities and Ideas to Focus Young Singers,Quick Starts for Young Choir- Activities and Ideas to Focus Young Singers,Cristi Cary Miller and Angela K McKenna,not found
80,The Muppet Movie- Made Easy for Piano,The Muppet Movie- Made Easy for Piano,ATV Music Publications,not found
81,"Music for Little Mozarts- A Piano Course to Bring out the Music in Every Young Child Ages 4, 5, and 6- Sampler","Music for Little Mozarts- A Piano Course to Bring out the Music in Every Young Child Ages 4, 5, and 6- Sampler",,not found
82,Make it Music- Dalcroze Strategies for Every Classroom,Make it Music- Dalcroze Strategies for Every Classroom,Anthony Molinaro and Stephen Neely,not found
83,Make it Music- Dalcroze Strategies for Every Classroom- Card Set,Make it Music- Dalcroze Strategies for Every Classroom- Card Set,Anthony Molinaro and Stephen Neely,not found
84,Comprehensive Recorder Method- Singing and Playing with Orff Instruments- Teacher's Manual,Comprehensive Recorder Method- Singing and Playing with Orff Instruments- Teacher's Manual,Lawrence and Elizabeth Wheeler,not found
85,Teaching Music,Teaching Music,James P. O'Brien,not found
86,"Rhythm to Recovery- A Practical Guide for Using Rhythmic Music, Voice and Movement for Social and Emotional Development","Rhythm to Recovery- A Practical Guide for Using Rhythmic Music, Voice and Movement for Social and Emotional Development",Simon Faulkner,not found
87,Dalcroze Eurhythmics in Today's Music Classroom,Dalcroze Eurhythmics in Today's Music Classroom,Virginia Hoge Mead,not found
88,"Sing a Song, Play a Game- Singing Games from Around the World","Sing a Song, Play a Game- Singing Games from Around the World",Aimee Curtis Pfitzner,not found
89,Hands to Hands- Hand Clapping Songs and Games from Around the World,Hands to Hands- Hand Clapping Songs and Games from Around the World,Aimee Curtis Pfitzner,not found
90,"Painted Music- Integrated art, music and children's literature activities","Painted Music- Integrated art, music and children's literature activities",Aimee Curtis Pfitzner,not found
91,"Singing waters, Dancing Flames- Music and the Elements","Singing waters, Dancing Flames- Music and the Elements",Aimee Curtis Pfitzner,not found
92,"Playful Possibilities- Children's Literature, Props and Play!","Playful Possibilities- Children's Literature, Props and Play!",Aimee Curtis Pfitzner,not found
93,The Little Shoemaker- Piano song pamplet,The Little Shoemaker- Piano song pamplet,Rudi Revil,not found
94,Charlie Brown's Greatest Hits- From Vince Guaraldi's Theme Music for the Peanuts Television Specials,Charlie Brown's Greatest Hits- From Vince Guaraldi's Theme Music for the Peanuts Television Specials,,not found
95,Fiddleworks- A fab collection of new and traditional fiddle tunes and two CD's for all levels of fiddlers,Fiddleworks- A fab collection of new and traditional fiddle tunes and two CD's for all levels of fiddlers,Jaime Rokeby-Thomas,not found
96,"Jamaica Play- Ring plays, phymes and rhythms from Jamaica","Jamaica Play- Ring plays, phymes and rhythms from Jamaica",Dawn Eaton Muir,not found
97,"First Steps in Music with Orff Schulwerk- Sing, Say, Dance, Play","First Steps in Music with Orff Schulwerk- Sing, Say, Dance, Play",Many Authors,not found
98,Orff-Schulwer Rediscovered- Music and teaching models,Orff-Schulwer Rediscovered- Music and teaching models,Rainer Kotzian,not found
99,Dance like a butterfly,Dance like a butterfly,,not found
100,Voice Collectors,Voice Collectors,,not found
101,The rhythm of somalia,The rhythm of somalia,,not found
102,Harambee,Harambee,,not found
103,It's Time- A resource from Carl Orff Canada,It's Time- A resource from Carl Orff Canada,,not found
104,First steps in Global Music,First steps in Global Music,Karen Howard,not found
105,"55 Games to Sing, Say and Play","55 Games to Sing, Say and Play",Kerri Lynn Nichols,not found
106,Creative Activities for Teaching General Music,Creative Activities for Teaching General Music,Victoria Boler,not found
107,Sing Sing Sing!- Songs for Fun and Learning,Sing Sing Sing!- Songs for Fun and Learning,Artie Almedia,not found
108,It's Elemental- Lessons that Engage,It's Elemental- Lessons that Engage,Don Dupont and Brian Hiller,not found
109,It's Elemental 2- More Lessons that Engage,It's Elemental 2- More Lessons that Engage,Don Dupont and Brian Hiller,not found
110,"World Music Drumming- A Cross Cultural Curriculum- Enhanced with Song & Drum Ensemble Recordings, Projectable/Printable PDF's and Video Demonstrations- 20th Anniversary Edition","World Music Drumming- A Cross Cultural Curriculum- Enhanced with Song & Drum Ensemble Recordings, Projectable/Printable PDF's and Video Demonstrations- 20th Anniversary Edition",Will Schmid,not found
111,African Rhythms & Beats- Bringing African Traditions to the Classroom,African Rhythms & Beats- Bringing African Traditions to the Classroom,Calla Isaak,not found
112,Canya Conga- Conga Drum Activities for Grades 4-8,Canya Conga- Conga Drum Activities for Grades 4-8,Chris Judah-Lauder,not found
113,"D.R.U.M- Discipline, Respect, and Unity Through Music","D.R.U.M- Discipline, Respect, and Unity Through Music",Jim Solomon,not found
114,Peanut Butter Jam- An Introduction to World Music Drumming,Peanut Butter Jam- An Introduction to World Music Drumming,Will Schmid,not found
115,Happy Jammin'- Really Cool Music for Recorders with Optional Percussion Ensemble,Happy Jammin'- Really Cool Music for Recorders with Optional Percussion Ensemble,Paul Corbiere,not found
116,Artful-Playful-Mindful in Action- A New Orff Schulwerk Curriculum for Music Making and Music Thinking,Artful-Playful-Mindful in Action- A New Orff Schulwerk Curriculum for Music Making and Music Thinking,Schott- SMC 576,not found
117,Artful-Playful-Mindful in Action- Orff Schulwerk Classroom Topics for a New Generation of Learners,Artful-Playful-Mindful in Action- Orff Schulwerk Classroom Topics for a New Generation of Learners,Ed: Leonard Davis and Diana Hawley Larsen,not found
118,Canadiana- Songs and Activities from Canadian Heritage for Orff Ensemble- 2nd Edition,Canadiana- Songs and Activities from Canadian Heritage for Orff Ensemble- 2nd Edition,Judy Sills,not found
119,Dalcroze Eurhythmics in the Choral Classroom,Dalcroze Eurhythmics in the Choral Classroom,Marla Butke and David Frego,not found
120,Alfred's Essentials of Music Theory- Book 1,Alfred's Essentials of Music Theory- Book 1,"Andrew Surmani, Karen Surmani, Morton Manus",not found
121,Music for Children- Orff-Schulwerk- American Edition- 1- Preschool,Music for Children- Orff-Schulwerk- American Edition- 1- Preschool,Schott- SMC 12,not found
122,Music for Children- Orff-Schulwerk- American Edition- 2- Primary,Music for Children- Orff-Schulwerk- American Edition- 2- Primary,Schott-,not found
123,Yoga in Motion Workbook- Companion playbook for yoga in motion interactive video and happy and cozy music,Yoga in Motion Workbook- Companion playbook for yoga in motion interactive video and happy and cozy music,Alima Clarke and Shakta Kaur Khalsa,not found
124,Sound Thinking-Developing Musical Literacy- Vol 1,Sound Thinking-Developing Musical Literacy- Vol 1,Philip Tacka and Micheal Houlahan,not found
125,Sound Thinking-Developing Musical Literacy- Vol 2,Sound Thinking-Developing Musical Literacy- Vol 2,Philip Tacka and Micheal Houlahan,not found
126,Fly like a Butterfly- Yoga for Children,Fly like a Butterfly- Yoga for Children,Shakta Kaur Khalsa,not found
127,An Orff Mosaic from Canada,An Orff Mosaic from Canada,Ed: Lois Birkenshaw-Fleming,not found
128,Sing with Chords,Sing with Chords,Forrest J. Baird,not found
129,Step Lively 2- Canadian Dance Favorites,Step Lively 2- Canadian Dance Favorites,Marion Rose,not found
130,Step Liveley- Dances for Schools and Families,Step Liveley- Dances for Schools and Families,Marion Rose,not found
131,Dansez en Francais- French Dance for Classroom and Community,Dansez en Francais- French Dance for Classroom and Community,Marion Rose,not found
132,"Chantons, dansons!- Songs, games and dances for Learners of French","Chantons, dansons!- Songs, games and dances for Learners of French",Marion Rose,not found
133,Music lessons- Grades 1-3- Canadian Curriculum Teacher Helper,Music lessons- Grades 1-3- Canadian Curriculum Teacher Helper,Geowat Innovative Teacher Publishing,not found
134,Music for Everyone- Pre K to 2nd,Music for Everyone- Pre K to 2nd,Teacher Created Resources,not found
135,"Kids can Listen, Kids can move!","Kids can Listen, Kids can move!",Lynn Kleiner,not found
136,Singing Games Children Love- Vol. 1,Singing Games Children Love- Vol. 1,Denise Gagne,not found
137,Singing Games Children Love- Vol. 2,Singing Games Children Love- Vol. 2,Denise Gagne,not found
138,Singing Games Children Love- Vol. 4,Singing Games Children Love- Vol. 4,Denise Gagne,not found
139,A Child and Rhythm,A Child and Rhythm,Theresa Newman,not found
140,Music by Me- A composition workbook,Music by Me- A composition workbook,Kevin Olson and Wynn-Anne Rossi,not found
141,"Spirituals for Two- 9 Duets on Tradiitonal Spirituals for Concerts, Contests, Recitals and Worship","Spirituals for Two- 9 Duets on Tradiitonal Spirituals for Concerts, Contests, Recitals and Worship",,not found
142,"Marimba Muisc for Little Kids- songs and easy pieces with music for diatonic marimbas, xylophones and other instruments","Marimba Muisc for Little Kids- songs and easy pieces with music for diatonic marimbas, xylophones and other instruments",Jon Madin,not found
143,"Marimba Muisc 1- Easy arrangements for diatonic marimbas, xylophones, recorders and other instruments","Marimba Muisc 1- Easy arrangements for diatonic marimbas, xylophones, recorders and other instruments",Jon Madin,not found
144,Jump Jim Joe- Great Singing Games for Children- a companion recording,Jump Jim Joe- Great Singing Games for Children- a companion recording,New England Dancing Masters Production,not found
145,String Explorere- A Journey into the Wonders of String Playing- Cello- Book 1,String Explorere- A Journey into the Wonders of String Playing- Cello- Book 1,,not found
146,Bach for the Cello- 10 pieces in first position,Bach for the Cello- 10 pieces in first position,Charles Krane,not found
147,More Popular Songs for the Recorder,More Popular Songs for the Recorder,Clive Sansom,not found
148,FUNdamental Musicianship Skills for Piano and Keyboard- Activities for private or group lessons to prepare for the national guild of piano teachers musicianship phases,FUNdamental Musicianship Skills for Piano and Keyboard- Activities for private or group lessons to prepare for the national guild of piano teachers musicianship phases,June Montgomery,not found
149,Phonemic awareness songs and rhymes- Spring,Phonemic awareness songs and rhymes- Spring,Kimerly Jordano and Trisha Callela,not found
150,Guitar Basics- A Beginning Guitar Method,Guitar Basics- A Beginning Guitar Method,Michael Christiansen,not found
151,The irish Songbook- 75 Songs by The Clancy Brothers and Tommy Makem,The irish Songbook- 75 Songs by The Clancy Brothers and Tommy Makem,"Robert DeCormier, Joy Graeme and Pete Hamill",not found
152,Making Music Come Alive,Making Music Come Alive,Nancy Telfer,not found
153,African Drum Workshop- Vol 1- Introduction to Djembe,African Drum Workshop- Vol 1- Introduction to Djembe,David Thiaw,not found
154,The Soul of Hand Drumming- A companion book for beginner to advanced solo and circle hand drumming,The Soul of Hand Drumming- A companion book for beginner to advanced solo and circle hand drumming,Doug Sole,not found
155,"Expressive singing- 3rd Ed- Vol 1- Guidance, technical principal exercises and basics of interpretation for school or studio class or private teaching","Expressive singing- 3rd Ed- Vol 1- Guidance, technical principal exercises and basics of interpretation for school or studio class or private teaching",Van A. Christy,not found
156,Music in Childhood- From preschool through the elementary grades,Music in Childhood- From preschool through the elementary grades,Patrician Shehan Campbell and Carol Scott-Kassner,not found
157,Marsalis on Music- The companion to the public television series,Marsalis on Music- The companion to the public television series,Wynton Marsalis,not found
158,"The Power of Music- Harness the creative energy of music to heal the body, soothe the mind and feed the soul","The Power of Music- Harness the creative energy of music to heal the body, soothe the mind and feed the soul",Cynthia Blanche and Antonia Beattie,not found
159,The jolly Sailor- Piano solo- leaflet,The jolly Sailor- Piano solo- leaflet,Louise C. Rebe,not found
160,Let's Sing together- listening to music- 1973-1974- Leaflet,Let's Sing together- listening to music- 1973-1974- Leaflet,"Manitoba, Alberta, BC Dept of Ed and CBC",not found
161,Music together at home- helping your child grow musically,Music together at home- helping your child grow musically,Music together,not found
162,"Making each minute count- Time savers, tips and kid tested strategies for the music class","Making each minute count- Time savers, tips and kid tested strategies for the music class",Cheryl Lavender,not found
163,"Come on Everybody, Let's Sing (Revised Edition)- Music activities for all children in regular and special classes","Come on Everybody, Let's Sing (Revised Edition)- Music activities for all children in regular and special classes",Lois Birkenshaw-Felming,not found
164,"Come on Everybody, Let's Sing (Revised Edition)- Music activities for all children in regular and special classes","Come on Everybody, Let's Sing (Revised Edition)- Music activities for all children in regular and special classes",Lois Birkenshaw-Felming,not found
165,Mon premier livre de flute a bec,Mon premier livre de flute a bec,Usborne- Caroline Hooper and Philip Hawthorne,not found
166,The Reader's Digest Children's Songbook- All Time Family Favorites- Includes lyrics pamphlet,The Reader's Digest Children's Songbook- All Time Family Favorites- Includes lyrics pamphlet,,not found
167,The puffin song book,The puffin song book,Leslie Woodgate,not found
168,150 american folks songs to sing read and play,150 american folks songs to sing read and play,Peter Erdei,not found
169,Sound Beginnings- First book in the Basic Goals in Music Series,Sound Beginnings- First book in the Basic Goals in Music Series,Lloyd Slind and Frank Churchley,not found
170,The complete book of music games and activities for early childhood,The complete book of music games and activities for early childhood,Margaret Athey and Gwen Hotchkiss,not found
171,"Tinwhistle Today- How to play celtic, folk, blues, jazz, rock and classical music","Tinwhistle Today- How to play celtic, folk, blues, jazz, rock and classical music",David Harp,not found
172,Sacred Drumming,Sacred Drumming,Steven Ash,not found
173,The singing book- intermediate level- A music book based on the educational principles of Zoltan Kodaly,The singing book- intermediate level- A music book based on the educational principles of Zoltan Kodaly,Mary Alice Hein and Lois Choksy,not found
174,The singing book- intermediate level- A music book based on the educational principles of Zoltan Kodaly,The singing book- intermediate level- A music book based on the educational principles of Zoltan Kodaly,Mary Alice Hein and Lois Choksy,not found
175,The singing book- Beginning Level- A children's song book based on the principles of Zoltan Kodaly,The singing book- Beginning Level- A children's song book based on the principles of Zoltan Kodaly,Mary Alice Hein and Lois Choksy,not found
176,Ride with Me- A Journey from Unison to Part Singing- Teacher Book,Ride with Me- A Journey from Unison to Part Singing- Teacher Book,John Barron,not found
177,Ride with Me- A Journey from Unison to Part Singing- Teacher Book,Ride with Me- A Journey from Unison to Part Singing- Teacher Book,John Barron,not found
178,Ride with Me- A Journey from Unison to Part Singing- Student Book,Ride with Me- A Journey from Unison to Part Singing- Student Book,John Barron,not found
179,Holiday and Game songs- Musicplay 1 Revision- Includes Orff Arrangements,Holiday and Game songs- Musicplay 1 Revision- Includes Orff Arrangements,Denise Gagne,not found
180,"Selected songs, singing games and actions songs- Grades one and Two","Selected songs, singing games and actions songs- Grades one and Two",Marilyn Kerley,not found
181,"Selected songs, singing games and actions songs- Grades Three and Four","Selected songs, singing games and actions songs- Grades Three and Four",Marilyn Kerley,not found
182,Selected Folk songs and Partner Songs- Teacher Resource- Grades Five and Six,Selected Folk songs and Partner Songs- Teacher Resource- Grades Five and Six,Marilyn Kerley,not found
183,Orff Day by Day- Classroom Projects in music and movement,Orff Day by Day- Classroom Projects in music and movement,Alice Brass,not found
184,Just Five- A Collection of Pentatonic Songs,Just Five- A Collection of Pentatonic Songs,Robert Kersey,not found
185,Lessons in Music Writing- Part Two,Lessons in Music Writing- Part Two,Boris Berlin,not found
186,55X Funtastic- 55 songs with motion for children,55X Funtastic- 55 songs with motion for children,"Jos Wuytack, adapted by Judy Sills",not found
187,"Sally Go Round the Sun- Three hundred children's songs, rhymes and games","Sally Go Round the Sun- Three hundred children's songs, rhymes and games",Edith Fowke,not found
188,Technology Integration in the Elementary Music Classroom,Technology Integration in the Elementary Music Classroom,Amy Burns,not found
189,Crafts of Many Cultures- 30 Authentic craft projects from around the world,Crafts of Many Cultures- 30 Authentic craft projects from around the world,Aurelia Gomez,not found
190,Land of the Silver Birch- Early Intermediate Folksongs for Piano- Book 2,Land of the Silver Birch- Early Intermediate Folksongs for Piano- Book 2,Nancy Telfer,not found
191,"National Anthems- Piano/vocal arrangements, reproducible vocal scores, performance/accompaniment CD in a variety of keys","National Anthems- Piano/vocal arrangements, reproducible vocal scores, performance/accompaniment CD in a variety of keys",Tominik Hauser- Themes and Variations,not found
192,"101 Music activities- Reinforce ""fun""damentals,listening and literacy","101 Music activities- Reinforce ""fun""damentals,listening and literacy",Mary Donnelly,not found
193,Chansons pour s'amuser- Songs to play and sing- with accompaniments for Orff instruments,Chansons pour s'amuser- Songs to play and sing- with accompaniments for Orff instruments,Ada Vermeulen,not found
194,Chansons pour s'amuser- more songs to play and sing- with accompaniments for Orff instruments,Chansons pour s'amuser- more songs to play and sing- with accompaniments for Orff instruments,Ada Vermeulen,not found
195,My You're Canadian- Music for Young Children,My You're Canadian- Music for Young Children,Frances Baldoids,not found
196,Help! I'm a Substitute Music Teacher- A Collection of Games and Activities for Survival in the Classroom,Help! I'm a Substitute Music Teacher- A Collection of Games and Activities for Survival in the Classroom,Cheryl Lavender,not found
197,Focus on Composers- Grades 4-8,Focus on Composers- Grades 4-8,Teacher Created Materials,not found
198,"The Super Amazing Music Activities Book- Ideas and exercises for exploring notes and rhythms, ear training, instrument families, famous composers","The Super Amazing Music Activities Book- Ideas and exercises for exploring notes and rhythms, ear training, instrument families, famous composers",Janet Vogt,not found
199,"Meet the Great Composers- Short sessions on the lives, times and music of great composers- Book 1","Meet the Great Composers- Short sessions on the lives, times and music of great composers- Book 1",June Montgomery and Maurice Hinson,not found
200,"Meet the Great Composers- Short sessions on the lives, times and music of great composers- Book 1","Meet the Great Composers- Short sessions on the lives, times and music of great composers- Book 1",June Montgomery and Maurice Hinson,not found
201,"Windsongs Series for Recorder, Orff or Kodaly Programs- Book 2- Ho Ho Watanay","Windsongs Series for Recorder, Orff or Kodaly Programs- Book 2- Ho Ho Watanay",Birthe Kulich and Joe Bernaducci,not found
202,Making music meaningful: A Sourcebook for Beginning Teachers,Making music meaningful: A Sourcebook for Beginning Teachers,,not found
203,Making music meaningful: A Sourcebook for Beginning Teachers,Making music meaningful: A Sourcebook for Beginning Teachers,,not found
204,Old tales in a new guise- Canadian Folk Melodies arranged for piano,Old tales in a new guise- Canadian Folk Melodies arranged for piano,Nancy Telfer,not found
205,Folksongs of the Maritimes- From the collection of Helen Creighton and other distinguished Maritime Folklorists,Folksongs of the Maritimes- From the collection of Helen Creighton and other distinguished Maritime Folklorists,Kaye Pottie and Vernon Ellis,not found
206,It's your turn...again! More incredibly successful games and activities for the elementary music class,It's your turn...again! More incredibly successful games and activities for the elementary music class,Cheryl Lavender,not found
207,It's your turn- A collection of incredibly successful games and activities for the elementary music class,It's your turn- A collection of incredibly successful games and activities for the elementary music class,Cheryl Lavender,not found
208,A galaxy of games for the music room,A galaxy of games for the music room,Margaret Athey and Gwen Hotchkiss,not found
209,"Swinging on the Bars- A collection of Jazz Standards arranged for xylophone, metallophones, solo b flat and e flat instruments, percussion and voice","Swinging on the Bars- A collection of Jazz Standards arranged for xylophone, metallophones, solo b flat and e flat instruments, percussion and voice",Ronald Carter and Glenda Cosenza,not found
210,Mindfulness and Movement- yoga card set,Mindfulness and Movement- yoga card set,3 sisters yoga for kids,not found
211,Reflections of Canada- Singing in the Circle Series- Cypress Choral Music,Reflections of Canada- Singing in the Circle Series- Cypress Choral Music,Dr. Ardelle Ries,not found
212,"Spice it up- Songs, Dances, Games and Orff Accompaniments for Elementary and Middle School Students","Spice it up- Songs, Dances, Games and Orff Accompaniments for Elementary and Middle School Students",Konnie Saliba,not found
213,Come a Sinigng! Canadian Folk Songs,Come a Sinigng! Canadian Folk Songs,"Marius Barbeau, Arthur Lismer, Arthur Bourinot- National Museum of Canada",not found
214,Flying a Round- 88 Rounds and Partner Songs,Flying a Round- 88 Rounds and Partner Songs,David Gadsby and Beatric Harrop,not found
215,Lesson planning in a Kodaly Context- A Guide for Music Teachers,Lesson planning in a Kodaly Context- A Guide for Music Teachers,Rita Klinger-OAKE,not found
216,"Listen, Sing and Play- Senior Infants Lessons 1-10","Listen, Sing and Play- Senior Infants Lessons 1-10",Maureen Lally,not found
217,Music Fun- Book 1,Music Fun- Book 1,Marion Kurutz and Grace Reever,not found
218,Strictly Warm-Ups- Vol. 1,Strictly Warm-Ups- Vol. 1,Kerry Heisler,not found
219,"Come Join In- 52 New Rounds, Partner Songs and Short Songs","Come Join In- 52 New Rounds, Partner Songs and Short Songs",Elizabeth Glipatrick,not found
220,Victoria sings short stuff- Small songs for community singing,Victoria sings short stuff- Small songs for community singing,,not found
221,Round we Go- 40 new rounds with activities for younger singers,Round we Go- 40 new rounds with activities for younger singers,Elizabeth Glipatrick,not found
222,Mike Brewer's Warm-Ups!- The indispensable handbook for singers and choral directors,Mike Brewer's Warm-Ups!- The indispensable handbook for singers and choral directors,Mike Brewer,not found
223,Children Who Dance- A Handbook for Teachers of Elementary School Children,Children Who Dance- A Handbook for Teachers of Elementary School Children,Sally Carline- coursepack,not found
224,Let's Do it Again- Vol 1,Let's Do it Again- Vol 1,Donna Otto and David Asplund,not found
225,Let's Do it Again- Vol 2,Let's Do it Again- Vol 2,Donna Otto and David Asplund,not found
226,Let's Do it Again- Vol 3,Let's Do it Again- Vol 3,Donna Otto and David Asplund,not found
227,Calgary orff handbook 1988,Calgary orff handbook 1988,,not found
228,Successful warm ups book 1,Successful warm ups book 1,Nancy Telfer,not found
229,When I First Came to this Land,When I First Came to this Land,Catherine West,not found
230,Music for Little Mozarts- Teachers Handbook for Books 3 and 4,Music for Little Mozarts- Teachers Handbook for Books 3 and 4,"Christine Barden, Gayle Kowalchyk, EL Lancaster",not found
231,Music for Little Mozarts- Muisc Discovery Book 1,Music for Little Mozarts- Muisc Discovery Book 1,"Christine Barden, Gayle Kowalchyk, EL Lancaster",not found
232,Sounds We Found,Sounds We Found,Barbara Mariconda and Denise Puccio,not found
233,The Body Electric- A Symphony of Sounds for Body Percussion,The Body Electric- A Symphony of Sounds for Body Percussion,Mark Burrows,not found
234,Alphabetically Yours- 26 Short Fragments for piano- Suitable for Adult Beginners,Alphabetically Yours- 26 Short Fragments for piano- Suitable for Adult Beginners,Joan Last,not found
235,Everybody Sings- All the words to all the songs in the Reader's Digest Canadian Family Songbook,Everybody Sings- All the words to all the songs in the Reader's Digest Canadian Family Songbook,Reader's Digest,not found
236,The Stradivarius Code- Crack the Codes to explore the history of musical instruments,The Stradivarius Code- Crack the Codes to explore the history of musical instruments,Barbara Meeks and Geoff Lorenz,not found
237,The Beethoven Code- Crack the codes to explore the loves of famous composers,The Beethoven Code- Crack the codes to explore the loves of famous composers,Barbara Meeks and Geoff Lorenz,not found
238,Music encounters- theory book for group music theory classes,Music encounters- theory book for group music theory classes,June Montgomery and Martha Mier,not found
239,Holiday Singing and Dancing Games,Holiday Singing and Dancing Games,Ester Nelson,not found
240,Critters and Other Creatures- A Collection of Songs and Poems for Children,Critters and Other Creatures- A Collection of Songs and Poems for Children,Konnie Saliba,not found
241,Let's Sing! Let's Dance! Let's Play- Songs and Dances arranged for Orff Instruments,Let's Sing! Let's Dance! Let's Play- Songs and Dances arranged for Orff Instruments,Alice Olsen,not found
242,Music from Many Lands- Folk songs of the world for Orff Instruments,Music from Many Lands- Folk songs of the world for Orff Instruments,Alice Olsen,not found
243,Look What Followed Me Home!- and other songs for Children- arranged for orff instruments,Look What Followed Me Home!- and other songs for Children- arranged for orff instruments,Alice Olsen,not found
244,Monster Stew- Songs and poems arranged for Orff instruments,Monster Stew- Songs and poems arranged for Orff instruments,Alice Olsen,not found
245,Island Dreams- Songs for steel drums and orff instruments,Island Dreams- Songs for steel drums and orff instruments,Alice Olsen,not found
246,Animals All Around and other songs,Animals All Around and other songs,Alice Olsen,not found
247,Make and Play- Easy instructions for producing simple instruments in the elementary music classroom- Multicultural performance plays and music included,Make and Play- Easy instructions for producing simple instruments in the elementary music classroom- Multicultural performance plays and music included,Valeaira Luppens,not found
248,Jean Ritchie's Kentucky Mother Goose,Jean Ritchie's Kentucky Mother Goose,Jean Ritchie and Susan Brumfield,not found
249,"Music is Fun- Grade 4- Explore the world of music to learn about notes, values, beat, symbols, rhythm, musical instruments and composers","Music is Fun- Grade 4- Explore the world of music to learn about notes, values, beat, symbols, rhythm, musical instruments and composers",On the Mark,not found
250,"Music is Fun- Grade 5- Explore the world of music to learn about notes, values, beat, symbols, rhythm, musical instruments and composers","Music is Fun- Grade 5- Explore the world of music to learn about notes, values, beat, symbols, rhythm, musical instruments and composers",On the Mark,not found
251,"Music is Fun- Grade 6- Explore the world of music to learn about notes, values, beat, symbols, rhythm, musical instruments and composers","Music is Fun- Grade 6- Explore the world of music to learn about notes, values, beat, symbols, rhythm, musical instruments and composers",On the Mark,not found
252,Junior music for fall- Music made easy series,Junior music for fall- Music made easy series,On the Mark,not found
253,Junior music for spring- Music made easy series,Junior music for spring- Music made easy series,On the Mark,not found
254,Conversational Solfege- Teacher's Manual- Level 1,Conversational Solfege- Teacher's Manual- Level 1,John Feierabend,not found
255,First Steps in Music- for Preschool and Beyond- The Curriculum,First Steps in Music- for Preschool and Beyond- The Curriculum,John Feierabend,not found
256,The Book of Playground songs and Rhymes,The Book of Playground songs and Rhymes,John Feierabend,not found
257,The book of Beginning Circle Games- Let's Make a Circle,The book of Beginning Circle Games- Let's Make a Circle,John Feierabend,not found
258,The Book of Children's Songtales- Stories in Songs,The Book of Children's Songtales- Stories in Songs,John Feierabend,not found
259,The book of Songs and Rhymes with Beat Motions- Keeping the Beat,The book of Songs and Rhymes with Beat Motions- Keeping the Beat,John Feierabend,not found
260,The book of Fingerplays and Actions Songs- Let's Pretend,The book of Fingerplays and Actions Songs- Let's Pretend,John Feierabend,not found
261,The Book of Movement Exploration,The Book of Movement Exploration,John Feierabend,not found
262,The Book of Echo Songs- I'll Sing After You,The Book of Echo Songs- I'll Sing After You,John Feierabend,not found
263,The Book of Call and Response,The Book of Call and Response,John Feierabend,not found
264,The Book of Pitch Exploration,The Book of Pitch Exploration,John Feierabend,not found
265,First Steps in Music- for Infants and Toddlers- The Curriculum- Birth through 36 Months,First Steps in Music- for Infants and Toddlers- The Curriculum- Birth through 36 Months,John Feierabend,not found
266,The Big Book of Children's Songs,The Big Book of Children's Songs,Hal Leonard,not found
267,In the Groove- A Guide to Interactive Music Making,In the Groove- A Guide to Interactive Music Making,Tippy Agogo,not found
268,Musicplay- Kindergarten Music Program- Teacher's Guide,Musicplay- Kindergarten Music Program- Teacher's Guide,Denise Gagne,not found
269,From Wibbleton to Wobbleton- Adventures with the elements of music and movement,From Wibbleton to Wobbleton- Adventures with the elements of music and movement,James Harding,not found
270,The Magic of Music- Book 1,The Magic of Music- Book 1,Ginn and Company,not found
271,The Magic of Music- Kindergarten,The Magic of Music- Kindergarten,,not found
272,"The Joy of Music- Early Childhood- A comprehensive book of music, activities and instruction","The Joy of Music- Early Childhood- A comprehensive book of music, activities and instruction",,not found
273,Cornstalk Fiddle and Other Homemade Instruments,Cornstalk Fiddle and Other Homemade Instruments,Dallas Cline,not found
274,Music Together Teacher's Guide- Drum,Music Together Teacher's Guide- Drum,,not found
275,Music Together Teacher's Guide- Maracas,Music Together Teacher's Guide- Maracas,,not found
276,Music Together Teacher's Guide- Fiddle,Music Together Teacher's Guide- Fiddle,,not found
277,Music Together Teacher's Guide- Flute,Music Together Teacher's Guide- Flute,,not found
278,Music Together Teacher's Guide- bongos,Music Together Teacher's Guide- bongos,,not found
279,Music Together Teacher's Guide- Triangle,Music Together Teacher's Guide- Triangle,,not found
280,"Step it Down- Games, Plays, Songs and Stories from the Afro-American Heritage","Step it Down- Games, Plays, Songs and Stories from the Afro-American Heritage",Bessie Jones and Bess Lomax Hawes,not found
281,"Step it Down- Games, Plays, Songs and Stories from the Afro-American Heritage","Step it Down- Games, Plays, Songs and Stories from the Afro-American Heritage",Bessie Jones and Bess Lomax Hawes,not found
282,Music Experiences in Early Childhood,Music Experiences in Early Childhood,Barbara Andress,not found
283,Stories that Sing,Stories that Sing,,not found
284,Stories and so Much More,Stories and so Much More,,not found
285,Making music fun for little ones- book 3,Making music fun for little ones- book 3,Noble and Stener,not found
286,Fall and Winter Songs- Book 2- Making music and literacy fun for little ones- New version,Fall and Winter Songs- Book 2- Making music and literacy fun for little ones- New version,Noble and Stener,not found
287,Making music fun for little ones- book 2- Winter- Music to promote literacy in children 2-5 years old- new version,Making music fun for little ones- book 2- Winter- Music to promote literacy in children 2-5 years old- new version,,not found
288,Making music fun for little ones- book 1- Music to promote literacy in children 2-5 years old- new version,Making music fun for little ones- book 1- Music to promote literacy in children 2-5 years old- new version,Noble and Stener,not found
289,Making music fun for little ones- book 1- Music to promote literacy in children 2-5 years old- new version,Making music fun for little ones- book 1- Music to promote literacy in children 2-5 years old- new version,,not found
290,"Stories and Nursery Rhymes to Sing, Rap and Read- Making Muisc and literacy fun for little ones- new version","Stories and Nursery Rhymes to Sing, Rap and Read- Making Muisc and literacy fun for little ones- new version",,not found
291,Movement and music in the classroom-Includes music from Greg and Steve- pre K,Movement and music in the classroom-Includes music from Greg and Steve- pre K,Steven Traugh,not found
292,2nd copy,2nd copy,,not found
293,"Kids can listen, Kids can move!","Kids can listen, Kids can move!",Lynn Kleiner,not found
294,Wee Sing for Baby,Wee Sing for Baby,Pamela Conn Beall and Susan Hagan Nipp,not found
295,We love to move- Action and games songs for early childhood from the musicplay kindergarten curriculum,We love to move- Action and games songs for early childhood from the musicplay kindergarten curriculum,Denise Gagne,not found
296,Hear and Listen! Talk and Sing!- Songs for young children who are hearing impaired and others who need help learning to talk,Hear and Listen! Talk and Sing!- Songs for young children who are hearing impaired and others who need help learning to talk,Warren Estabrooks adn Lois Birkenshaw-Fleming,not found
297,"Melody, Movement and Language- A Teacher's Guide of music in game form for the pre-school and primary grades","Melody, Movement and Language- A Teacher's Guide of music in game form for the pre-school and primary grades",Millie Burnett,not found
298,"Eye Winker, Tom Tinker, Chin Chopper- 50 Musical Fingerplays with Piano arrangement and Guitar Chords","Eye Winker, Tom Tinker, Chin Chopper- 50 Musical Fingerplays with Piano arrangement and Guitar Chords",Tom Glazer,not found
299,Kodaly in Kindergarten- 50 Lesson Plans Curriculum song collection,Kodaly in Kindergarten- 50 Lesson Plans Curriculum song collection,Katinka Scipiades Daniel,not found
300,The choral warm-up collection- A sourcebook of 167 choral warmups contributed by 51 choral directors,The choral warm-up collection- A sourcebook of 167 choral warmups contributed by 51 choral directors,Sally Albrecht,not found
301,"My little rooster- and other folk songs, singing games and play parties","My little rooster- and other folk songs, singing games and play parties",Jill Trinka,not found
302,Let your voice be heard- Songs from Ghana and Zimbabwe,Let your voice be heard- Songs from Ghana and Zimbabwe,"Abraham Adzenyah, Dumisai Maraire, Judith Cook Tucker",not found
303,Charlotte Diamond's Musical Treasures- A Songbook with activities for teachers and families,Charlotte Diamond's Musical Treasures- A Songbook with activities for teachers and families,,not found
304,The complete choral warm up book- A sourcebook for choral directors,The complete choral warm up book- A sourcebook for choral directors,Russell Robinson and Jay Althouse,not found
305,Songs of the Sun- Filipino Folk Songs for the Musical Classroom,Songs of the Sun- Filipino Folk Songs for the Musical Classroom,Tiffany Unaree Barry,not found
306,Move sing listen play- Preparing the young child for music- revised edition,Move sing listen play- Preparing the young child for music- revised edition,Donna Wood,not found
307,Move sing listen play- Preparing the young child for music- revised edition,Move sing listen play- Preparing the young child for music- revised edition,Donna Wood,not found
308,Growing with Music- Friendly Bear's Songbook- Music Activities for Young Children- updated edition,Growing with Music- Friendly Bear's Songbook- Music Activities for Young Children- updated edition,,not found
309,Language through music,Language through music,"Luther, McPherson, Milller and Ray",not found
310,Making music together,Making music together,Kindermusik,not found
311,Music and movement in the classroom- Grades 1-2,Music and movement in the classroom- Grades 1-2,,not found
312,Canadian folks songs for the young,Canadian folks songs for the young,Barbara Cass-Beggs,not found
313,A developmental music programme (kodaly based) stage one,A developmental music programme (kodaly based) stage one,Deamma Hoermann,not found
314,"Ring Around the Moon- 200 songs, tongue twisters, riddles, and rhymes for children","Ring Around the Moon- 200 songs, tongue twisters, riddles, and rhymes for children",Edith Fowke,not found
315,Oranges and Lemons,Oranges and Lemons,Karen King,not found
316,The singing book -second level- A music book based on the educational principles of Zoltan Kodaly,The singing book -second level- A music book based on the educational principles of Zoltan Kodaly,Mary Alice Hein and Lois Choksy,not found
317,Primary pre-primary songs and verses and orff arrangements,Primary pre-primary songs and verses and orff arrangements,Grace Nash,not found
318,"Rounds for Children- Over 100 rounds in 2, 3 and 4 parts.","Rounds for Children- Over 100 rounds in 2, 3 and 4 parts.",Amsco publishers,not found
319,Music with Children- beginners to advanced- Series 1- elementary- Teacher's Book,Music with Children- beginners to advanced- Series 1- elementary- Teacher's Book,Grace Nash,not found
320,Music with Children- beginners to advanced- Series 1- elementary- Teacher's Book,Music with Children- beginners to advanced- Series 1- elementary- Teacher's Book,Grace Nash,not found
321,Music with Children- primary to fourth- Series 2- elementary- Teacher's Book and student book,Music with Children- primary to fourth- Series 2- elementary- Teacher's Book and student book,Grace Nash,not found
322,More Verses and Movement for the Classroom- Teacher's Book,More Verses and Movement for the Classroom- Teacher's Book,Grace Nash,not found
323,"Today with Music- Experiences into reading with speech, song, instruments and movement","Today with Music- Experiences into reading with speech, song, instruments and movement",Grace Nash,not found
324,Music with Children- The creative approach to music education- Teacher's Manual,Music with Children- The creative approach to music education- Teacher's Manual,Grace Nash,not found
325,Orff-Schulwerk- Music for Children- Teacher's Manual,Orff-Schulwerk- Music for Children- Teacher's Manual,Doreen Hall,not found
326,Music education aids- Outils d'education musicale,Music education aids- Outils d'education musicale,Therese Potivn,not found
327,Pieces and Processes- A supplement to Music for Children,Pieces and Processes- A supplement to Music for Children,Steven Calantropio,not found
328,Round and Round the Garden- Play rhymes for young children,Round and Round the Garden- Play rhymes for young children,Ian Beck and Sarah Williams,not found
329,"Bounce high bounce low- My first music book- songs to sing, notes to draw, games to play, pictures to color","Bounce high bounce low- My first music book- songs to sing, notes to draw, games to play, pictures to color",Edith Lantos,not found
330,"Sing an Irish Song- Music, words and chord","Sing an Irish Song- Music, words and chord",Danmac,not found
331,Orffestrations of the Masters,Orffestrations of the Masters,Linda Forrest,not found
332,Operation Orff- Mission It's Possible- An investigative adventure,Operation Orff- Mission It's Possible- An investigative adventure,"Trevor Brandenburg, Dr. Bob de Frece, Sue Harvie, Scott Kupsch, Howard McKary, Judy Sills",not found
333,How to read music,How to read music,Alan Charlton,not found
334,The First Days of School- How to Be an Effective Teacher,The First Days of School- How to Be an Effective Teacher,Harry Wong and Rosemary Wong,not found
335,The kids multicultural art book,The kids multicultural art book,Alexandra Michaels,not found
336,"Waterloo Rhythm Band Method- Teacher's manual and scored music- nursery rhymes, folk tunes, classic pieces","Waterloo Rhythm Band Method- Teacher's manual and scored music- nursery rhymes, folk tunes, classic pieces",Gladys Dickson/Hazel Baggs,not found
337,Baroque Time- pieces and dance- Soprano and Alto recorders,Baroque Time- pieces and dance- Soprano and Alto recorders,Gerald Burakoff and Willy Strickland,not found
338,"Mickey's Favorite Children's Songs- Voice, piano, guitar- 172 songs","Mickey's Favorite Children's Songs- Voice, piano, guitar- 172 songs",Disney,not found
339,Brain Compatible Dance Education,Brain Compatible Dance Education,Anne Green Gilbert,not found
340,Creative Dance for all Ages,Creative Dance for all Ages,Anne Green Gilbert,not found
341,Recorder Today- Teach yourself the easy way,Recorder Today- Teach yourself the easy way,Hal Leonard,not found
342,Recorder Routes II- Extending Recorder Skills in Orff Classes- Pieces and Processes,Recorder Routes II- Extending Recorder Skills in Orff Classes- Pieces and Processes,Carol King,not found
343,Spotlight on Music- Recorder- Grades 3-4- Blackline Masters and Teacher's Manual,Spotlight on Music- Recorder- Grades 3-4- Blackline Masters and Teacher's Manual,MacMillan/McGraw Hill- Virginia Ebinger,not found
344,Spotlight on Music- Recorder- Grades 5-6- Blackline Masters and Teacher's Manual,Spotlight on Music- Recorder- Grades 5-6- Blackline Masters and Teacher's Manual,,not found
345,Selections from Star Wars for Recorder,Selections from Star Wars for Recorder,Alfred,not found
346,"Irish Music for Recorder- Easy new arrangements, by Robin De Smet, of famous Irish Songs and melodies","Irish Music for Recorder- Easy new arrangements, by Robin De Smet, of famous Irish Songs and melodies",,not found
347,Selections from Harry Potter for Recorder,Selections from Harry Potter for Recorder,Alfred,not found
348,The sound of music- Recorder,The sound of music- Recorder,Hal Leonard,not found
349,Recorder for Beginners- Book 1- Music with Children,Recorder for Beginners- Book 1- Music with Children,Grace Nash,not found
350,Music- A way of life for the young child,Music- A way of life for the young child,Kathleen Bayless and Marjorie Ramsey,not found
351,The music book- Teacher's Reference Book,The music book- Teacher's Reference Book,Eunice Boardman and Barbara Andress,not found
352,"The eentsy, Weentsy Spider- Fingerplans and Action Rhymes","The eentsy, Weentsy Spider- Fingerplans and Action Rhymes",Joanna Cole and Stephanie Calmenson,not found
353,"Elephant Jam- Sharon, Lois and Bram","Elephant Jam- Sharon, Lois and Bram",,not found
354,"Listen, look and sing- Vol. 1- Teacher's Edition","Listen, look and sing- Vol. 1- Teacher's Edition",Aden Lewis,not found
355,"Listen, look and sing- Vol. 2- Teacher's Edition","Listen, look and sing- Vol. 2- Teacher's Edition",Aden Lewis,not found
356,"Listen, look and sing- Vol. 3- Teacher's Edition","Listen, look and sing- Vol. 3- Teacher's Edition",Aden Lewis,not found
357,"Listen, look and sing- Vol. 4- Teacher's Edition","Listen, look and sing- Vol. 4- Teacher's Edition",Aden Lewis,not found
358,Exercices de lecture- Introduction a la musique de la chanson folklorique francaise selon la pedagogie kodalienne- deuxieme cahier,Exercices de lecture- Introduction a la musique de la chanson folklorique francaise selon la pedagogie kodalienne- deuxieme cahier,Richard Proulx,not found
359,French folk songs children love,French folk songs children love,Compiled by Kim Kun,not found
360,Hooray for Singing- Part Singing Adventures for Upper Elementary and Middle School,Hooray for Singing- Part Singing Adventures for Upper Elementary and Middle School,Robert de Frece,not found
361,Mes Chansons a musique- A- Teacher's Guide,Mes Chansons a musique- A- Teacher's Guide,Therese Potvin,not found
362,Mes Chansons a musique- A- Student Book,Mes Chansons a musique- A- Student Book,Therese Potvin,not found
363,Mes Chansons a musique- B- Teacher's Guide,Mes Chansons a musique- B- Teacher's Guide,Therese Potvin,not found
364,"Music for Fun, Music for Learning- Fourth Ed","Music for Fun, Music for Learning- Fourth Ed",Lois Birkenshaw,not found
365,Teacher guides to Beethoven lives upstairs and Mr. Bach comes to call,Teacher guides to Beethoven lives upstairs and Mr. Bach comes to call,Classical kids teacher guides,not found
366,120 singing games and dances for elementary school,120 singing games and dances for elementary school,Lois Choksy and David Brummit,not found
367,First 50 Kids' songs you should play on ukulele,First 50 Kids' songs you should play on ukulele,Hal Leonard,not found
368,Little Ukers- A comprehensive ukulele method for young students- 2nd edition- Level 1- C Tuning- (low) G C E A,Little Ukers- A comprehensive ukulele method for young students- 2nd edition- Level 1- C Tuning- (low) G C E A,Melissa McKnight,not found
369,Les Bucherons- Rendez-Vous Program Guide,Les Bucherons- Rendez-Vous Program Guide,,not found
370,Sing and Play on Special Days,Sing and Play on Special Days,Denise Gagne,not found
371,Songs of Joy- Reproducible music for Elementary Choir,Songs of Joy- Reproducible music for Elementary Choir,Craig Cassils,not found
372,Alphabet Action Songs,Alphabet Action Songs,Denise Gagne,not found
373,Alphabet Action Songs,Alphabet Action Songs,Denise Gagne,not found
374,Movement Songs Children Love,Movement Songs Children Love,Denise Gagne,not found
375,Action Songs Children Love- Vol. 3 -Grades 2-5,Action Songs Children Love- Vol. 3 -Grades 2-5,Denise Gagne,not found
376,Action Songs Children Love- Vol. 3 -Grades 2-5,Action Songs Children Love- Vol. 3 -Grades 2-5,Denise Gagne,not found
