Title,Author,Verified,Sold,Keep,Date of Publication,Price for Sale,Subject,CD/ DVD/ Online Access Code
Fun with Boomwhackers,Chris Judah- Lauder,TRUE,FALSE,FALSE,,10,Boomwhackers,
Boom 'n' Tunes- Easy Folk tunes,Linda Forrest,TRUE,FALSE,FALSE,2004,10,Boomwhackers,
Quick Starts for Young Choir- Activities and Ideas to Focus Young Singers,Cristi Cary Miller and Angela K McKenna,TRUE,FALSE,FALSE,2013,5,Choral,
"Spirituals for Two- 9 Duets on Tradiitonal Spirituals for Concerts, Contests, Recitals and Worship",,TRUE,FALSE,FALSE,,8,Choral,CD
Making Music Come Alive,Nancy Telfer,TRUE,FALSE,FALSE,,5,Choral,
"Expressive singing- 3rd Ed- Vol 1- Guidance, technical principal exercises and basics of interpretation for school or studio class or private teaching",Van A. Christy,TRUE,FALSE,FALSE,1974,5,Choral,
"National Anthems- Piano/vocal arrangements, reproducible vocal scores, performance/accompaniment CD in a variety of keys",Tominik Hauser- Themes and Variations,TRUE,FALSE,FALSE,2003,5,Choral,CD
Reflections of Canada- Singing in the Circle Series- Cypress Choral Music,Dr. Ardelle Ries,TRUE,FALSE,FALSE,,5,Choral,
Strictly Warm-Ups- Vol. 1,Kerry Heisler,TRUE,FALSE,FALSE,2006,5,Choral,CD
Victoria sings short stuff- Small songs for community singing,,TRUE,FALSE,FALSE,2017,10,Choral,CD
Successful sight singing- A creative step by step approach-teacher's edition- Book 1,Nancy Telfer,TRUE,FALSE,FALSE,,10,Choral,
Successful warm ups book 1- singers edition,Nancy Telfer,TRUE,FALSE,FALSE,1995,5,Choral,
Successful sight singing- A creative step by step approach-singer's edition- Book 1,Nancy Telfer,TRUE,FALSE,FALSE,1992,5,Choral,
The choral warm-up collection- A sourcebook of 167 choral warmups contributed by 51 choral directors,Sally Albrecht,TRUE,FALSE,FALSE,,10,Choral,
The complete choral warm up book- A sourcebook for choral directors,Russell Robinson and Jay Althouse,TRUE,FALSE,FALSE,,10,Choral,
Hooray for Singing- Part Singing Adventures for Upper Elementary and Middle School,Robert de Frece,TRUE,FALSE,FALSE,2000,10,Choral,
Songs of Joy- Reproducible music for Elementary Choir,Craig Cassils,TRUE,FALSE,FALSE,2003,10,Choral,
Teaching kids to sing,Kenneth Phillips,TRUE,FALSE,FALSE,,20,Choral,
Mike Brewer's Warm-Ups!- The indispensable handbook for singers and choral directors,Mike Brewer,TRUE,FALSE,FALSE,,10,Choral,
Rhythm and Movement- Applications of Dalcroze Eurthymics,Elsa Findlay,TRUE,FALSE,FALSE,1971- reissue,10,Dalcroze,
Make it Music- Dalcroze Strategies for Every Classroom-Booklet and card set,Anthony Molinaro and Stephen Neely,TRUE,FALSE,FALSE,2025,20,Dalcroze,
Dalcroze Eurhythmics in Today's Music Classroom,Virginia Hoge Mead,TRUE,FALSE,FALSE,1994,10,Dalcroze,
Dalcroze Eurhythmics in the Choral Classroom,Marla Butke and David Frego,TRUE,FALSE,FALSE,2021,$20.00,Dalcroze,Online Access Code
Creating Artistry through Movement- Dalcroze Eurhythmics in the Choral Setting- DVD,Henry Leck and R.J. David Frego,TRUE,FALSE,FALSE,,5,Dalcroze,DVD
Phonemic awareness songs and rhymes- Spring,Kimerly Jordano and Trisha Callela,TRUE,FALSE,FALSE,1998,5,Early Childhood Music,CD
The complete book of music games and activities for early childhood,Margaret Athey and Gwen Hotchkiss,TRUE,FALSE,FALSE,1982,5,Early Childhood Music,
Musicplay- Kindergarten Music Program- Teacher's Guide- Binder format,Denise Gagne,TRUE,FALSE,FALSE,,10,Early Childhood Music,CD
The Magic of Music- Book 1,Ginn and Company,TRUE,FALSE,FALSE,1965,5,Early Childhood Music,
The Magic of Music- Kindergarten,Ginn and Company,TRUE,FALSE,FALSE,1970,5,Early Childhood Music,
"The Joy of Music- Early Childhood- A comprehensive book of music, activities and instruction",Summy-Birchard Company,TRUE,FALSE,FALSE,1967,5,Early Childhood Music,
Music together at home- helping your child grow musically- DVD,Music together,TRUE,FALSE,FALSE,,2,Early Childhood Music,
Music Together Teacher's Guide- Drum,,TRUE,FALSE,FALSE,,5,Early Childhood Music,
Music Together Teacher's Guide- Maracas,,TRUE,FALSE,FALSE,,5,Early Childhood Music,
Music Together Teacher's Guide- Fiddle,,TRUE,FALSE,FALSE,,5,Early Childhood Music,
Music Together Teacher's Guide- Flute,,TRUE,FALSE,FALSE,,5,Early Childhood Music,
Music Together Teacher's Guide- bongos,,TRUE,FALSE,FALSE,,5,Early Childhood Music,
Music Together Teacher's Guide- Triangle,,TRUE,FALSE,FALSE,,5,Early Childhood Music,
Making music fun for little ones- book 3,Noble and Stener,TRUE,FALSE,FALSE,2008,5,Early Childhood Music,CD
Making music fun for little ones- book 2- Winter- Music to promote literacy in children 2-5 years old version,,TRUE,FALSE,FALSE,,5,Early Childhood Music,CD
Making music fun for little ones- book 1- Music to promote literacy in children 2-5 years old version,Noble and Stener,TRUE,FALSE,FALSE,2005,5,Early Childhood Music,CD
Wee Sing for Baby,Pamela Conn Beall and Susan Hagan Nipp,TRUE,FALSE,FALSE,2005,5,Early Childhood Music,
We love to move- Action and games songs for early childhood from the musicplay kindergarten curriculum,Denise Gagne,TRUE,FALSE,FALSE,2006,10,Early Childhood Music,CD
Hear and Listen! Talk and Sing!- Songs for young children who are hearing impaired and others who need help learning to talk,Warren Estabrooks adn Lois Birkenshaw-Fleming,TRUE,FALSE,FALSE,1994,5,Early Childhood Music,
Move sing listen play- Preparing the young child for music- reissue edition,Donna Wood,TRUE,FALSE,FALSE,Updated edition,10,Early Childhood Music,
Language through music,"Luther, McPherson, Milller and Ray",TRUE,FALSE,FALSE,1992,2,Early Childhood Music,
Making music together,Kindermusik,TRUE,FALSE,FALSE,,2,Early Childhood Music,
Round and Round the Garden- Play rhymes for young children,Ian Beck and Sarah Williams,TRUE,FALSE,FALSE,1983,5,Early Childhood Music,
Music- A way of life for the young child,Kathleen Bayless and Marjorie Ramsey,TRUE,FALSE,FALSE,1978,5,Early Childhood Music,
The music book- Teacher's Reference Book,Eunice Boardman and Barbara Andress,TRUE,FALSE,FALSE,1981,10,Early Childhood Music,
"The eentsy, Weentsy Spider- Fingerplans and Action Rhymes",Joanna Cole and Stephanie Calmenson,TRUE,FALSE,FALSE,1991,5,Early Childhood Music,
Alphabet Action Songs,Denise Gagne,TRUE,FALSE,FALSE,2003,10,Early Childhood Music,CD
Alphabet Action Songs,Denise Gagne,TRUE,FALSE,FALSE,2003,10,Early Childhood Music,CD
Toddlers make music- Ones and Two's! For parents and their toddlers,Lynn Kleiner,TRUE,FALSE,FALSE,,10,Early Childhood Music,
Wee sing- Nursery Rhymes and Lullabies,Pamela Conn Beall and Susan Hagen Nipp,TRUE,FALSE,FALSE,,5,Early Childhood Music,
"Children Sing, Children Play- first and lasting experiences in music",Kathleen Wojcik-May,TRUE,FALSE,FALSE,1994,10,Early Childhood Music,
Toddlers make music- ones and two's- for parents and their toddlers,Lynn Kleiner,TRUE,FALSE,FALSE,2000,10,Early Childhood Music,CD
There's a hole in the bucket- First steps in music cd,John Feirabend & Jill Trinka,TRUE,FALSE,FALSE,,5,First Steps in Music,CD
Had a little Rooster- First steps in music cd,John Feirabend & Jill Trinka,TRUE,FALSE,FALSE,,5,First Steps in Music,CD
Old Joe Clark- First steps in music cd,John Feirabend & Jill Trinka,TRUE,FALSE,FALSE,,5,First Steps in Music,CD
Keeping the Beat- From Corelli to Kabalevsky- First steps in music cd,John Feirabend & Jill Trinka,TRUE,FALSE,FALSE,,5,First Steps in Music,CD
Conversational Solfege- Level 1- Classical Music Selections- First Steps in Music Cd,John Feirabend,TRUE,FALSE,FALSE,,5,First Steps in Music,CD
Essential Rhythm Activities for the Music Classroom- Ready to use lesson and games for grades Pre-K-8,Eric Branscome,TRUE,FALSE,FALSE,2008,10,Games,
Staff and Symbol Games,Denise Gagne,TRUE,FALSE,FALSE,2006,10,Games,
It's your turn...again! More incredibly successful games and activities for the elementary music class,Cheryl Lavender,TRUE,FALSE,FALSE,1997,8,Games,
It's your turn- A collection of incredibly successful games and activities for the elementary music class,Cheryl Lavender,TRUE,FALSE,FALSE,1988,8,Games,
A galaxy of games for the music room,Margaret Athey and Gwen Hotchkiss,TRUE,FALSE,FALSE,1975,5,Games,
Teaching Music,James P. O'Brien,TRUE,FALSE,FALSE,1983,5,General Pedagogy,
Music in Childhood- From preschool through the elementary grades,Patrician Shehan Campbell and Carol Scott-Kassner,TRUE,FALSE,FALSE,1995,5,General Pedagogy,
"Making each minute count- Time savers, tips and kid tested strategies for the music class",Cheryl Lavender,TRUE,FALSE,FALSE,1991,10,General Pedagogy,
"Come on Everybody, Let's Sing old ed-  Music activities for all children in regular and special classes",Lois Birkenshaw-Felming,TRUE,FALSE,FALSE,1989,10,General Pedagogy,
Sound Beginnings- First book in the Basic Goals in Music Series,Lloyd Slind and Frank Churchley,TRUE,FALSE,FALSE,1967,5,General Pedagogy,
Making music meaningful: A Sourcebook for Beginning Teachers,,TRUE,FALSE,FALSE,,5,General Pedagogy,
Making music meaningful: A Sourcebook for Beginning Teachers,,TRUE,FALSE,FALSE,1992,5,General Pedagogy,
Teaching Towards Musical Understanding,Amanda Montgomery,TRUE,FALSE,FALSE,2002,5,General Pedagogy,
Multicultural Perspectives in Music Education- Vol 1- third ed,William Anderson and Patricia Shehas Campbell,TRUE,FALSE,FALSE,2010,10,General Pedagogy,
Essentials of Teaching Elementary School Music,Robert Evans Nye ad Vernice Nye,TRUE,FALSE,FALSE,1974,5,General Pedagogy,
The ventures- Play 8 songs wwith sound alike Cd tracks- Vol. 116,Hal Leonard Play Along Guitar,TRUE,FALSE,FALSE,,5,Guitar,CD
Learn to play the guitar,Frank Cappelli,TRUE,FALSE,FALSE,,8,Guitar,CD
"Snakes, snails and C major scales- Songs for Children with Fingerstyle guitar accompaniment",Kevin Cooper,TRUE,FALSE,FALSE,,5,Guitar,
Beginning guitar lessons for kids,Jay wamsted,TRUE,FALSE,FALSE,,5,Guitar,CD/ DVD/ Online Access Code
Guitar in the classroom,Timmerman Griffith,TRUE,FALSE,FALSE,,5,Guitar,
Complete learn to play acoustic guitar,Brett Duncan,TRUE,FALSE,FALSE,,5,Guitar,
Teach yourself visually- guitar,Charles Kim,TRUE,FALSE,FALSE,,5,Guitar,
Maran Illustrated Guitar,,TRUE,FALSE,FALSE,,5,Guitar,
Everything about playing blues- Guitarist's Guide to playing the blues,Praxis,TRUE,FALSE,FALSE,,5,Guitar,
Everything about guitar scales,Wilbur Savidge,TRUE,FALSE,FALSE,,5,Guitar,
KISS- Guide to playing guitar,Terry Burrows,TRUE,FALSE,FALSE,,5,Guitar,
Incredible Chord Finder,Hal Leonard,TRUE,FALSE,FALSE,,5,Guitar,
"Handbell ringing - Learning, teaching, performing",Robert Ivey,TRUE,FALSE,FALSE,,5,Handbells,
Mastering Musicianship in Handbells,Donald Allured,TRUE,FALSE,FALSE,,5,Handbells,
The handbell curriculum- Director's Manual- Learning to Ring Series,Janet Van Valey and Susan Berry,TRUE,FALSE,FALSE,,5,Handbells,
Making music with choirchimes,Paul Roses,TRUE,FALSE,FALSE,,5,Handbells,
Clapper classics- 3 octaves,Martha Lynn Thompson and Frances Callahan,TRUE,FALSE,FALSE,1987,5,Handbells,
Clapper classics- 3 octaves,Martha Lynn Thompson and Frances Callahan,TRUE,FALSE,FALSE,,5,Handbells,
Ring and Sing- Resonator Bells- student book,Sara Dunn Sistrunk,TRUE,FALSE,FALSE,1966,2,Handbells,
Fiddleworks- A fab collection of new and traditional fiddle tunes and two CD's for all levels of fiddlers,Jaime Rokeby-Thomas,TRUE,FALSE,FALSE,2003,5,Instrumental ,
Music Manipulatives Workbook: Playful props to Reinforce Musical Concepts,Danielle Bayert,TRUE,FALSE,FALSE,2019,10,Kodaly,
Get to the Point- A Collection of Pointing Pages and Powerful Plans,Artie Almedia and Katie Grace Miller,TRUE,FALSE,FALSE,2012,10,Kodaly,CD-ROM
"First, We Sing! Kodaly-Inspired Teaching for the Music Classroom",Susan Brumfield,TRUE,FALSE,FALSE,2014,10,Kodaly,
"First, We Sing! Songbook One- Songs and Games for the Music Class",Susan Brumfield,TRUE,FALSE,FALSE,2012,10,Kodaly,Online Access Code
"First, We Sing! Songbook Two- Songs and Games for the Music Class",Susan Brumfield,TRUE,FALSE,FALSE,2012,10,Kodaly,Online Access Code
"First, We Sing! Songbook Three- Songs and Games for the Music Class",Susan Brumfield,TRUE,FALSE,FALSE,2012,10,Kodaly,Online Access Code
The singing book- intermediate level- A music book based on the educational principles of Zoltan Kodaly,Mary Alice Hein and Lois Choksy,TRUE,FALSE,FALSE,1981,5,Kodaly,
The singing book- intermediate level- A music book based on the educational principles of Zoltan Kodaly,Mary Alice Hein and Lois Choksy,TRUE,FALSE,FALSE,1981,5,Kodaly,
The singing book- Beginning Level- A children's song book based on the principles of Zoltan Kodaly,Mary Alice Hein and Lois Choksy,TRUE,FALSE,FALSE,,5,Kodaly,
Ride with Me- A Journey from Unison to Part Singing- Teacher Book,John Barron,TRUE,FALSE,FALSE,,10,Kodaly,
Lesson planning in a Kodaly Context- A Guide for Music Teachers,Rita Klinger-OAKE,TRUE,FALSE,FALSE,2014,5,Kodaly,
"Listen, Sing and Play- Senior Infants Lessons 1-10",Maureen Lally,TRUE,FALSE,FALSE,1977,5,Kodaly,
A developmental music programme (kodaly based) stage one,Deamma Hoermann,TRUE,FALSE,FALSE,1978,2,Kodaly,
The singing book -second level- A music book based on the educational principles of Zoltan Kodaly,Mary Alice Hein and Lois Choksy,TRUE,FALSE,FALSE,1983,5,Kodaly,
Music education aids- Outils d'education musicale,Therese Potivn,TRUE,FALSE,FALSE,1986,5,Kodaly,
Exercices de lecture- Introduction a la musique de la chanson folklorique francaise selon la pedagogie kodalienne- deuxieme cahier,Richard Proulx,TRUE,FALSE,FALSE,1992,5,Kodaly,
Kodaly today- A Cognitive approach to elementary music education,Micheal Houlahan and Philip Tacka,TRUE,FALSE,FALSE,,40,Kodaly,
Musical manipulatives- A creative classroom series book 1,Thom Borden,TRUE,FALSE,FALSE,,5,Kodaly,
Zoltan Kodaly choral method- Pentatonic Music- 140 Chuvash Melodies- Volume IV,Boosey and Hawkes,TRUE,FALSE,FALSE,,5,Kodaly,
23rd International Kodaly symposium- singing the circle- Inspired music education from birth to adult,,TRUE,FALSE,FALSE,,5,Kodaly,
Listening Fun with Scarves and Tennis Balls,Dan Fee,TRUE,FALSE,FALSE,2010,10,Listening,CD
"Parachutes and Ribbons and Scarves, Oh My! Listening Lessons with Movement Props",Artie Almedia,TRUE,FALSE,FALSE,2011,20,Listening,DVD
An Illustrated History of Music for Young Musicians- The Romantic Period,Gilles Comeau and Rosemary Covert,TRUE,FALSE,FALSE,1999,5,Listening,
An Illustrated History of Music for Young Musicians- The Classical Period,Gilles Comeau and Rosemary Covert,TRUE,FALSE,FALSE,1999,5,Listening,
An Illustrated History of Music for Young Musicians- The Middle Ages and the Renaissance Period,Gilles Comeau and Rosemary Covert,TRUE,FALSE,FALSE,1999,5,Listening,
An Illustrated History of Music for Young Musicians- The Baroque Period,Gilles Comeau and Rosemary Covert,TRUE,FALSE,FALSE,1999,5,Listening,
An Illustrated History of Music for Young Musicians- The Twentieth Century,Gilles Comeau and Rosemary Covert,TRUE,FALSE,FALSE,1999,5,Listening,
"Fun with Composers- Vol 2- A Simple, Fun Approach to Classical Music- Pre K- Grade 3",Deborah Lyn Ziolkoski,TRUE,FALSE,FALSE,2009,10,Listening,DVD
Focus on Composers- Grades 4-8,Teacher Created Materials,TRUE,FALSE,FALSE,1994,5,Listening,
"Meet the Great Composers- Short sessions on the lives, times and music of great composers- Book 1",June Montgomery and Maurice Hinson,TRUE,FALSE,FALSE,,5,Listening,
"Meet the Great Composers- Short sessions on the lives, times and music of great composers- Book 1",June Montgomery and Maurice Hinson,TRUE,FALSE,FALSE,,5,Listening,
The Stradivarius Code- Crack the Codes to explore the history of musical instruments,Barbara Meeks and Geoff Lorenz,TRUE,FALSE,FALSE,2007,5,Listening,
The Beethoven Code- Crack the codes to explore the loves of famous composers,Barbara Meeks and Geoff Lorenz,TRUE,FALSE,FALSE,2006,5,Listening,
Introducing Beethoven- Teacher's Resource Kit,NAC,TRUE,FALSE,FALSE,,2,Listening,
Listening resource kit- Level 1- Kit and CD,Denise Gagne,TRUE,FALSE,FALSE,,10,Listening,CD
Listening resource kit- Level 2- Kit and CD,Denise Gagne,TRUE,FALSE,FALSE,,10,Listening,CD
Listening resource kit- Level 3- Kit and CD,Denise Gagne,TRUE,FALSE,FALSE,,10,Listening,CD
Listening resource kit- Level 4- Kit and CD,Denise Gagne,TRUE,FALSE,FALSE,,10,Listening,CD
Listening resource kit- Level 5- Kit and CD,Denise Gagne,TRUE,FALSE,FALSE,,10,Listening,CD
Marsalis on Music- The companion to the public television series,Wynton Marsalis,TRUE,FALSE,FALSE,1995,5,Misc,CD
"The Power of Music- Harness the creative energy of music to heal the body, soothe the mind and feed the soul",Cynthia Blanche and Antonia Beattie,TRUE,FALSE,FALSE,,2,Misc,
Technology Integration in the Elementary Music Classroom,Amy Burns,TRUE,FALSE,FALSE,2008,5,Misc,CD/ DVD/ Online Access Code
Crafts of Many Cultures- 30 Authentic craft projects from around the world,Aurelia Gomez,TRUE,FALSE,FALSE,1992,2,Misc,
The First Days of School- How to Be an Effective Teacher,Harry Wong and Rosemary Wong,TRUE,FALSE,FALSE,2005,5,Misc,
The kids multicultural art book,Alexandra Michaels,TRUE,FALSE,FALSE,2007,5,Misc,
"Blacklight Theatre- The art of integrating music, marionettes and music",Yvon Loiselle,TRUE,FALSE,FALSE,,5,Misc,CD
25 Just Right Play Plays for Emergent Readers- Grades K-1,Carol Pugliano-Martin,TRUE,FALSE,FALSE,2,2,Misc,
Musical Chairs- 7' record- vintage,,TRUE,FALSE,FALSE,,2,Misc,
Tribes Learning Community- Reaching all by Creating,Jeanne Gibbs,TRUE,FALSE,FALSE,,5,Misc,
"Classroom management for Art, music and PE teachers",Michael Linsin,TRUE,FALSE,FALSE,2014,10,Misc,
Children Who Dance- A Handbook for Teachers of Elementary School Children,Sally Carline- coursepack,TRUE,FALSE,FALSE,,5,Movement,
Brain Compatible Dance Education,Anne Green Gilbert,TRUE,FALSE,FALSE,2006,20,Movement,
Creative Dance for all Ages,Anne Green Gilbert,TRUE,FALSE,FALSE,2009,20,Movement,
Tyme for a Rhyme- Nursery Rhymes with Music for Children,Randy DeLelles and Jeff Kriske,TRUE,FALSE,FALSE,1988,10,Orff,
All Around the Buttercup- A Supplement to Music for Children,Ruth Boshkoff,TRUE,FALSE,FALSE,1984,10,Orff,
The Beat of a Drum- A Collection of Seventeen Canadian Folksongs with Accompaniments for Orff Instruments,Alvin Spaxman,TRUE,FALSE,FALSE,1982,5,Orff,
Animal Cracker Suite and Other Poems- A Supplement to Music for Children,Deborah A. Imiolo-Schriver,TRUE,FALSE,FALSE,2000,10,Orff,
Let's Sing! Let's Dance! Let's Play! Songs and Dances arranged for Orff Instruments,Alice Olsen,TRUE,FALSE,FALSE,1992,10,Orff,
Once Long Ago- Three Folk Tales with Music for Children,Randy DeLelles and Jeff Kriske,TRUE,FALSE,FALSE,1987,10,Orff,
A Musical Treat That's Fun to Beat- The Poetry of Dennis Lee set in the Orff Style,Judy Sills,TRUE,FALSE,FALSE,2007,10,Orff,
Playtime- Instrumental Pieces,Shirley W. McRae,TRUE,FALSE,FALSE,1992,10,Orff,
Musica Activa- An Approach to Music Education,Jos Wuytack,TRUE,FALSE,FALSE,,10,Orff,
Musica Activa- An Approach to Music Education,Jos Wuytack,TRUE,FALSE,FALSE,1994,10,Orff,
What to Teach When- K- 1 Grades- A Thoughtful and Engaging Music Curriculum,Don Dupont and Brian Hiller,TRUE,FALSE,FALSE,2013,20,Orff,CD-ROM
What to Teach When- 2-3 Grades- A Thoughtful and Engaging Music Curriculum,Don Dupont and Brian Hiller,TRUE,FALSE,FALSE,2013,20,Orff,CD-ROM
What to Teach When- 4-5 Grades- A Thoughtful and Engaging Music Curriculum,Don Dupont and Brian Hiller,TRUE,FALSE,FALSE,2013,20,Orff,CD-ROM
Orff-Schulwerk Rediscovered- Music and teaching models,Rainer Kotzian,TRUE,FALSE,FALSE,2018,20,Orff,CD/ DVD/ Online Access Code
It's Time- A resource from Carl Orff Canada,,TRUE,FALSE,FALSE,2024,10,Orff,Audio/Youtube links
Canadiana- Songs and Activities from Canadian Heritage for Orff Ensemble- 2nd Edition,Judy Sills,TRUE,FALSE,FALSE,2007,$10.00,Orff,
"Marimba Music for Little Kids- songs and easy pieces with music for diatonic marimbas, xylophones and other instruments",Jon Madin,TRUE,FALSE,FALSE,1998,10,Orff,CD
"Marimba Music 1- Easy arrangements for diatonic marimbas, xylophones, recorders and other instruments",Jon Madin,TRUE,FALSE,FALSE,2012,10,Orff,CD
150 american folks songs to sing read and play,Peter Erdei,TRUE,FALSE,FALSE,,10,Orff,
150 american folks songs to sing read and play,Peter Erdei,TRUE,FALSE,FALSE,1974- Republished,10,Orff,
Orff Day by Day- Classroom Projects in music and movement,Alice Brass,TRUE,FALSE,FALSE,2002,10,Orff,
"Swinging on the Bars- A collection of Jazz Standards arranged for xylophone, metallophones, solo b flat and e flat instruments, percussion and voice",Ronald Carter and Glenda Cosenza,TRUE,FALSE,FALSE,,10,Orff,
"Spice it up- Songs, Dances, Games and Orff Accompaniments for Elementary and Middle School Students",Konnie Saliba,TRUE,FALSE,FALSE,1998,5,Orff,
Calgary orff handbook 1988,,TRUE,FALSE,FALSE,,2,Orff,
When I First Came to this Land,Catherine West,TRUE,FALSE,FALSE,2005,10,Orff,
Critters and Other Creatures- A Collection of Songs and Poems for Children,Konnie Saliba,TRUE,FALSE,FALSE,1997,5,Orff,
Let's Sing! Let's Dance! Let's Play- Songs and Dances arranged for Orff Instruments,Alice Olsen,TRUE,FALSE,FALSE,1992,5,Orff,
Music from Many Lands- Folk songs of the world for Orff Instruments,Alice Olsen,TRUE,FALSE,FALSE,1993,5,Orff,
Look What Followed Me Home!- and other songs for Children- arranged for orff instruments,Alice Olsen,TRUE,FALSE,FALSE,1987,5,Orff,
Monster Stew- Songs and poems arranged for Orff instruments,Alice Olsen,TRUE,FALSE,FALSE,1991,5,Orff,
Island Dreams- Songs for steel drums and orff instruments,Alice Olsen,TRUE,FALSE,FALSE,1994,5,Orff,
Animals All Around and other songs,Alice Olsen,TRUE,FALSE,FALSE,1993,5,Orff,
Music with Children- beginners to advanced- Series 1- elementary- Teacher's Book,Grace Nash,TRUE,FALSE,FALSE,1970,5,Orff,
Music with Children- beginners to advanced- Series 1- elementary- Teacher's Book,Grace Nash,TRUE,FALSE,FALSE,1981,5,Orff,
Music with Children- primary to fourth- Series 2- elementary- Teacher's Book and student book,Grace Nash,TRUE,FALSE,FALSE,1976,5,Orff,
More Verses and Movement for the Classroom- Teacher's Book,Grace Nash,TRUE,FALSE,FALSE,1975,5,Orff,
"Today with Music- Experiences into reading with speech, song, instruments and movement",Grace Nash,TRUE,FALSE,FALSE,,5,Orff,
Music with Children- The creative approach to music education- Teacher's Manual,Grace Nash,TRUE,FALSE,FALSE,1970,5,Orff,
Orff-Schulwerk- Music for Children- Teacher's Manual,Doreen Hall,TRUE,FALSE,FALSE,1960,5,Orff,
Pieces and Processes- A supplement to Music for Children,Steven Calantropio,TRUE,FALSE,FALSE,2005,10,Orff,
Orffestrations of the Masters,Linda Forrest,TRUE,FALSE,FALSE,,5,Orff,
Operation Orff- Mission It's Possible- An investigative adventure,"Trevor Brandenburg, Dr. Bob de Frece, Sue Harvie, Scott Kupsch, Howard McKary, Judy Sills",TRUE,FALSE,FALSE,1998,5,Orff,
Jazz it up,Susie Davies-Splitter and Phil Splitter,TRUE,FALSE,FALSE,2005,10,Orff,CD
Spotlight on Music- Orff Orchestrations- Grade 2,MacMillan/McGraw Hill,TRUE,FALSE,FALSE,,10,Orff,
Spotlight on Music- Orff Orchestrations- Grade 3,MacMillan/McGraw Hill,TRUE,FALSE,FALSE,,10,Orff,
Spotlight on Music- Orff Orchestrations- Grade 4,MacMillan/McGraw Hill,TRUE,FALSE,FALSE,,10,Orff,
Spotlight on Music- Orff Orchestrations- Grade 5,MacMillan/McGraw Hill,TRUE,FALSE,FALSE,,10,Orff,
Spotlight on Music- Orff Orchestrations- Grade 6,MacMillan/McGraw Hill,TRUE,FALSE,FALSE,,10,Orff,
World of Music- Orff Handbook-  Grade 5,Silver Burdett and Ginn,TRUE,FALSE,FALSE,,10,Orff,
Exploring Orff- A Teacher's Guide- SMC-76,Arvia Steen,TRUE,FALSE,FALSE,,20,Orff,
Orff Schulwerk Today-Nurturing Musical Expression and Understanding- SMC-570,Jane Frazee,TRUE,FALSE,FALSE,,20,Orff,CD
Pentatonic Song Book,Brian Brocklehurst,TRUE,FALSE,FALSE,,5,Orff,
Just Five Plus Two-A collection of songs progressing from JUST FIVE to the Full Scale ,Robert E Kersey,TRUE,FALSE,FALSE,,10,Orff,
Discovering Keetman-Rhythmic exercises and piece for xylophone by Gunild Keetman- SMC 547,Jane Frazee,TRUE,FALSE,FALSE,,10,Orff,
Strike it Rich- Mallet activities for Children,Jeff Kriske and Randy Delelles,TRUE,FALSE,FALSE,,10,Orff,
Fun 'n games galore- An orff based approach,Sue Harvie,TRUE,FALSE,FALSE,,10,Orff,
"As American as Apple Pie- Folk Songs, games and dances for Children",Jeff Kriske and Randy DeLelles,TRUE,FALSE,FALSE,1993,10,Orff,
Gameplan K,Jeff Kriske and Randy DeLelles,TRUE,FALSE,FALSE,,40,Orff,
Just Five- A Collection of Pentatonic Songs,Robert Kersey,TRUE,FALSE,FALSE,1972- Republished,10,Orff,
Just Five- A Collection of Pentatonic Songs,Robert Kersey,TRUE,FALSE,FALSE,1972- Republished,10,Orff,
Orff -Schulwerk- Music for Children- 1- Pentatonic- old ed,Doreen Hall,TRUE,FALSE,FALSE,,5,Orff,
Orff -Schulwerk- Music for Children- 2- Major Bordun- old ed,Doreen Hall,TRUE,FALSE,FALSE,,5,Orff,
"Woods, Metals, Shakers, Skins- Hoop Group Activities for your Active Music Room",Artie Almedia,TRUE,FALSE,FALSE,2018,10,Percussion,Online Access Code
Percussion Parade,Artie Almedia,TRUE,FALSE,FALSE,2018,10,Percussion,Online Access Code
"Exploring Rhythm Instruments- An easy guide to teaching and playing ""The Percussion Family""",Joe Berarducci,TRUE,FALSE,FALSE,,5,Percussion,
School for Hand Drum- Book 1 Part A,Werner Stadler and Manfred Perchermeier,TRUE,FALSE,FALSE,1981,5,Percussion,
Kidstix- Rockin' Repertoire for Rhythm Readiness- Grades 3-6,Artie Almeida,TRUE,FALSE,FALSE,2014,10,Percussion,
Let's Have a Rhythm Band,Eva Mirchin,TRUE,FALSE,FALSE,? Old,2,Percussion,
"World Music Drumming- A Cross Cultural Curriculum- Enhanced with Song & Drum Ensemble Recordings, Projectable/Printable PDF's and Video Demonstrations- 20th Anniversary Edition",Will Schmid,TRUE,FALSE,FALSE,2015,$40.00,Percussion,Online Access Code
Canya Conga- Conga Drum Activities for Grades 4-8,Chris Judah-Lauder,TRUE,FALSE,FALSE,2007,10,Percussion,CD-ROM
Peanut Butter Jam- An Introduction to World Music Drumming,Will Schmid,TRUE,FALSE,FALSE,2009,20,Percussion,CD
African Drum Workshop- Vol 1- Introduction to Djembe,David Thiaw,TRUE,FALSE,FALSE,2002,5,Percussion,
The Soul of Hand Drumming- A companion book for beginner to advanced solo and circle hand drumming,Doug Sole,TRUE,FALSE,FALSE,1993,5,Percussion,CD
Sacred Drumming,Steven Ash,TRUE,FALSE,FALSE,2001,5,Percussion,CD
Sounds We Found,Barbara Mariconda and Denise Puccio,TRUE,FALSE,FALSE,1994,5,Percussion,
The Body Electric- A Symphony of Sounds for Body Percussion,Mark Burrows,TRUE,FALSE,FALSE,2007,5,Percussion,CD
Make and Play- Easy instructions for producing simple instruments in the elementary music classroom- Multicultural performance plays and music included,Valeaira Luppens,TRUE,FALSE,FALSE,,5,Percussion,
In the Groove- A Guide to Interactive Music Making,Tippy Agogo,TRUE,FALSE,FALSE,2003,5,Percussion,CD
Cornstalk Fiddle and Other Homemade Instruments,Dallas Cline,TRUE,FALSE,FALSE,1976,2,Percussion,
"Waterloo Rhythm Band Method- Teacher's manual and scored music- nursery rhymes, folk tunes, classic pieces",Gladys Dickson/Hazel Baggs,TRUE,FALSE,FALSE,1950's,2,Percussion,
The Sunny Snowbear,David Carr Glover,TRUE,FALSE,FALSE,1977,2,Piano Instrucion,
Young Composer's Notebook- A student's Guide to Composing- Vol 2,Frances Balodis,TRUE,FALSE,FALSE,2001,2,Piano Instrucion,
Young Composer's Notebook- A student's Guide to Composing- Vol. 3,,TRUE,FALSE,FALSE,2001,2,Piano Instrucion,
Music by Me- A Composition Workbook,Kevin Olson and Wynn-Anne Rossi,TRUE,FALSE,FALSE,2005,2,Piano Instrucion,
Classical Themes for All Keyboards,Wise Publications,TRUE,FALSE,FALSE,1991,2,Piano Instrucion,
More Hooked on Easy Piano Classics- Vol. 2,Edwin McLean,TRUE,FALSE,FALSE,1984,2,Piano Instrucion,
Peter and the Wolf- Simplified for Piano- Story and Coloring book Illustrations,Richard Bradley,TRUE,FALSE,FALSE,1979,5,Piano Instrucion,
A Holiday in Canada,Boris Berlin,TRUE,FALSE,FALSE,? Old,2,Piano Instrucion,
The Muppet Movie- Made Easy for Piano,ATV Music Publications,TRUE,FALSE,FALSE,1979,2,Piano Instrucion,
"Music for Little Mozarts- A Piano Course to Bring out the Music in Every Young Child Ages 4, 5, and 6- Sampler",,TRUE,FALSE,FALSE,,free,Piano Instrucion,
Charlie Brown's Greatest Hits- From Vince Guaraldi's Theme Music for the Peanuts Television Specials,,TRUE,FALSE,FALSE,1984,2,Piano Instrucion,
Music by Me- A composition workbook,Kevin Olson and Wynn-Anne Rossi,TRUE,FALSE,FALSE,2004,2,Piano Instrucion,
FUNdamental Musicianship Skills for Piano and Keyboard- Activities for private or group lessons to prepare for the national guild of piano teachers musicianship phases,June Montgomery,TRUE,FALSE,FALSE,,2,Piano Instrucion,
The jolly Sailor- Piano solo- leaflet,Louise C. Rebe,TRUE,FALSE,FALSE,,2,Piano Instrucion,
Lessons in Music Writing- Part Two,Boris Berlin,TRUE,FALSE,FALSE,1950- Republished,5,Piano Instrucion,
Land of the Silver Birch- Early Intermediate Folksongs for Piano- Book 2,Nancy Telfer,TRUE,FALSE,FALSE,1992,2,Piano Instrucion,
My You're Canadian- Music for Young Children,Frances Baldoids,TRUE,FALSE,FALSE,1999,5,Piano Instrucion,
Old tales in a new guise- Canadian Folk Melodies arranged for piano,Nancy Telfer,TRUE,FALSE,FALSE,1986,2,Piano Instrucion,
Music for Little Mozarts- Teachers Handbook for Books 3 and 4,"Christine Barden, Gayle Kowalchyk, EL Lancaster",TRUE,FALSE,FALSE,,2,Piano Instrucion,
Music for Little Mozarts- Music Discovery Book 1,"Christine Barden, Gayle Kowalchyk, EL Lancaster",TRUE,FALSE,FALSE,,2,Piano Instrucion,
Alphabetically Yours- 26 Short Fragments for piano- Suitable for Adult Beginners,Joan Last,TRUE,FALSE,FALSE,,2,Piano Instrucion,
Dimitri Kabalevsky- 19 Children's pieces -Opus 27 for piano,,TRUE,FALSE,FALSE,,2,Piano Instrucion,
How to use a fake book- Fakin' accomaniments from melodies and chord symbols,Ann Collins,TRUE,FALSE,FALSE,,2,Piano Instrucion,
Functional piano- Book 1,Chalmers Doane,TRUE,FALSE,FALSE,,2,Piano Instrucion,
Bartok is easy- 15 melodius pieces for the young pianist,Denise Agay,TRUE,FALSE,FALSE,,2,Piano Instrucion,
Bela Bartok for Children vol 1,,TRUE,FALSE,FALSE,,2,Piano Instrucion,
Music for Ballet Class- No. 48- Advanced 1,G Dickson-Place,TRUE,FALSE,FALSE,,2,Piano Instrucion,
Baby School- 40 Selections from the Masters for Daily Training with a Divertissement,Agda Skjerne,TRUE,FALSE,FALSE,,2,Piano Instrucion,
Music for Ballet Class- Vol. 2,Royal Academy of Dancing,TRUE,FALSE,FALSE,,2,Piano Instrucion,
Super mario series- easy piano,Alfred,TRUE,FALSE,FALSE,,5,Piano Instrucion,
The little shoemaker,,TRUE,FALSE,FALSE,,2,Piano Instrucion,
Play the Recorder- Book 1,Robert Salkeld,TRUE,FALSE,FALSE,1966,5,Recorder,
The Recorder Consort- 47 pieces for recorder consort collected by Steve Rosenberg,Steve Rosenberg,TRUE,FALSE,FALSE,1978,5,Recorder,
Recorder Rudiments,Irene Enns,TRUE,FALSE,FALSE,1991,5,Recorder,
Recorder Rudiments,Irene Enns,TRUE,FALSE,FALSE,1991,5,Recorder,
The Sweet Pipes Recorder Book- A Method for Adults and Older Beginners- Soprano,Gerald Burakoff and William Hettrick,TRUE,FALSE,FALSE,,5,Recorder,
The Sweet Pipes Recorder Book- A Method for Adults and Older Beginners- Soprano,Gerald Burakoff and William Hettrick,TRUE,FALSE,FALSE,,5,Recorder,
The Sweet Pipes Recorder Book- A Method for Adults and Older Beginners- Soprano,Gerald Burakoff and William Hettrick,TRUE,FALSE,FALSE,,5,Recorder,
The Sweet Pipes Recorder Book- A Method for Adults and Older Beginners- Soprano,Gerald Burakoff and William Hettrick,TRUE,FALSE,FALSE,,5,Recorder,
The Sweet Pipes Recorder Book- A Method for Adults and Older Beginners- Soprano,Gerald Burakoff and William Hettrick,TRUE,FALSE,FALSE,1980,5,Recorder,
The Sweet Pipes Recorder Book- A Method for Adults and Older Beginners- Alto,Gerald Burakoff and William Hettrick,TRUE,FALSE,FALSE,1982,5,Recorder,
More Popular Songs for the Recorder,Clive Sansom,TRUE,FALSE,FALSE,1977,5,Recorder,
Mon premier livre de flute a bec,Usborne- Caroline Hooper and Philip Hawthorne,TRUE,FALSE,FALSE,,5,Recorder,
Recorder Fun- Teach yourself the easy way,Hal Leonard,TRUE,FALSE,FALSE,1990,5,Recorder,CD
Recorder Routes I- A guide to introducing soprano recorder in orff class,,TRUE,FALSE,FALSE,,5,Recorder,
Recorder Routes I- A guide to introducing soprano recorder in orff class,Carol King,TRUE,FALSE,FALSE,1994,5,Recorder,
Spotlight on Music- Recorder- Grades 3-4- Blackline Masters and Teacher's Manual,MacMillan/McGraw Hill- Virginia Ebinger,TRUE,FALSE,FALSE,,5,Recorder,
Spotlight on Music- Recorder- Grades 5-6- Blackline Masters and Teacher's Manual,,TRUE,FALSE,FALSE,,5,Recorder,
Selections from Star Wars for Recorder,Alfred,TRUE,FALSE,FALSE,2007,5,Recorder,
Selections from Harry Potter for Recorder,Alfred,TRUE,FALSE,FALSE,,5,Recorder,
The sound of music- Recorder,Hal Leonard,TRUE,FALSE,FALSE,,5,Recorder,
Recorder for Beginners- Book 1- Music with Children,,TRUE,FALSE,FALSE,,5,Recorder,
Recorder for Beginners- Book 1- Music with Children,Grace Nash,TRUE,FALSE,FALSE,1965,5,Recorder,
Recorder Karate,Barb Philipak,TRUE,FALSE,FALSE,,10,Recorder,
Alto Antics- A beginning alto recorder ensemble book,Robert Amchin,TRUE,FALSE,FALSE,2001,5,Recorder,
"Tis the Season- Recorder songs with orff instruments- Christmas, Thanksgiving, Hanukkah",Carol King,TRUE,FALSE,FALSE,1988,5,Recorder,
The complete recorder resource- Student booklet,,TRUE,FALSE,FALSE,,5,Recorder,
The complete recorder resource- Student booklet,Denise Gagne,TRUE,FALSE,FALSE,1997,5,Recorder,CD
The complete recorder resource- Student booklet,Denise Gagne,TRUE,FALSE,FALSE,,5,Recorder,
The complete recorder resource- Teacher's Guide- Kit 1,Denise Gagne,TRUE,FALSE,FALSE,1994,5,Recorder,
Recorder Revolutions- A recorder method book for orff classrooms,Tim Wiegand,TRUE,FALSE,FALSE,2013,10,Recorder,CD-ROM
Beginning the Recorder,Douglas Coombes and Elizabeth Wilson,TRUE,FALSE,FALSE,1989,5,Recorder,
Very easy recorder tune- Over 50 pieces for beginners,Usborne,TRUE,FALSE,FALSE,,5,Recorder,
It's recorder time- Holiday song book,Sandy Feldstein and Morton Manus,TRUE,FALSE,FALSE,,5,Recorder,
The Christmas recorder book,Sandy Feldstein,TRUE,FALSE,FALSE,1992,5,Recorder,
Via musica DVD- 2 copies(test one- one not working),,TRUE,FALSE,FALSE,,5,French Songs and Games,
The recorder blockflute tutor- 2nd book,Jann Martin,TRUE,FALSE,FALSE,1957,5,Recorder,
Disney Movie Favorites- 9 hits arranged for recorder solo or duet,Hal Leonard,TRUE,FALSE,FALSE,,5,Recorder,
The usborne book of more easy recorder tunes,Anya Suschitzky,TRUE,FALSE,FALSE,1992,5,Recorder,
The usborne book of easy recorder tunes,Philip Hawthorne,TRUE,FALSE,FALSE,,5,Recorder,
Fun to play recorder,Marshall Cavendish,TRUE,FALSE,FALSE,1997,5,Recorder,
Jazz Cats Recorder,Brad Keller and Bonnie Rossa,TRUE,FALSE,FALSE,2006,5,Recorder,CD
"Windsongs Series for Recorder, Orff or Kodaly Programs- Book 1- Windsongs- Student Book",,TRUE,FALSE,FALSE,,5,Recorder,
"Windsongs Series for Recorder, Orff or Kodaly Programs- Book 2- Ho Ho Watanay- Student Book",,TRUE,FALSE,FALSE,,5,Recorder,
"Windsongs Series for Recorder, Orff or Kodaly Programs- Book 2- Ho Ho Watanay- Student Book",,TRUE,FALSE,FALSE,,5,Recorder,
"Windsongs Series for Recorder, Orff or Kodaly Programs- Book 2- Ho Ho Watanay- Student Book",,TRUE,FALSE,FALSE,,5,Recorder,
"Windsongs Series for Recorder, Orff or Kodaly Programs- Book 3- Go Tell Aunt Rhody- Student Book",,TRUE,FALSE,FALSE,,5,Recorder,
"Windsongs Series for Recorder, Orff or Kodaly Programs- Book 3- Go Tell Aunt Rhody- Student Book",,TRUE,FALSE,FALSE,,5,Recorder,
"Windsongs Series for Recorder, Orff or Kodaly Programs- Book 3- Go Tell Aunt Rhody- Student Book",,TRUE,FALSE,FALSE,,5,Recorder,
"Windsongs Series for Recorder, Orff or Kodaly Programs- Book 3- Go Tell Aunt Rhody- Student Book",,TRUE,FALSE,FALSE,,5,Recorder,
"Windsongs Series for Recorder, Orff or Kodaly Programs- Book 4- I'se the B'y- Student Book",,TRUE,FALSE,FALSE,,5,Recorder,
"Windsongs Series for Recorder, Orff or Kodaly Programs- Book 4- I'se the B'y- Student Book",,TRUE,FALSE,FALSE,,5,Recorder,
"Windsongs Series for Recorder, Orff or Kodaly Programs- Book 4- I'se the B'y- Student Book",,TRUE,FALSE,FALSE,,5,Recorder,
"Windsongs Series for Recorder, Orff or Kodaly Programs- Book 5- A la claire fontaine- Student Book",,TRUE,FALSE,FALSE,,5,Recorder,
"Windsongs Series for Recorder, Orff or Kodaly Programs- Book 5- A la claire fontaine- Student Book",,TRUE,FALSE,FALSE,,5,Recorder,
"Windsongs Series for Recorder, Orff or Kodaly Programs- Book 6- Alto Odyssey- Student Book",,TRUE,FALSE,FALSE,,5,Recorder,
Starting Soprano Recorder- Book 1,Jos Wuytack,TRUE,FALSE,FALSE,,5,Recorder,
Jump Jim Joe- Great Singing Games for Children- a companion recording ,New England Dancing Masters Production,TRUE,FALSE,FALSE,1991,10,Singing Games,CD
Singing Games Children Love- Vol. 2,Denise Gagne,TRUE,FALSE,FALSE,,10,Singing Games,CD
A Child and Rhythm,Theresa Newman,TRUE,FALSE,FALSE,1955,2,Singing Games,
Holiday and Game songs- Musicplay 1 Revision- Includes Orff Arrangements,Denise Gagne,TRUE,FALSE,FALSE,2005,10,Singing Games,CD
"Selected songs, singing games and actions songs- Grades one and Two",Marilyn Kerley,TRUE,FALSE,FALSE,,5,Singing Games,
"Selected songs, singing games and actions songs- Grades Three and Four",Marilyn Kerley,TRUE,FALSE,FALSE,,5,Singing Games,
Selected Folk songs and Partner Songs- Teacher Resource- Grades Five and Six,Marilyn Kerley,TRUE,FALSE,FALSE,,5,Singing Games,
Holiday Singing and Dancing Games,Ester Nelson,TRUE,FALSE,FALSE,1980,5,Singing Games,
Movement Songs Children Love,Denise Gagne,TRUE,FALSE,FALSE,2000,10,Singing Games,
Action Songs Children Love- Vol. 3 -Grades 2-5- no CD,Denise Gagne,TRUE,FALSE,FALSE,2000,5,Singing Games,
Action Songs Children Love- Vol. 3 -Grades 2-5,Denise Gagne,TRUE,FALSE,FALSE,2000,10,Singing Games,CD
Round we Go- 40 new rounds with activities for younger singers,Elizabeth Glipatrick,TRUE,FALSE,FALSE,,10,Song Collection,
Virgin Island Folk Songs,Bill La Motta,TRUE,FALSE,FALSE,1990,5,Song Collection,
Hot Peas & Barley-O- Children's Songs and Games from Scotland,Susan Brumfield,TRUE,FALSE,FALSE,2006,10,Song Collection,CD
Over the Garden Wall- Children's Songs and Games from Scotland,Susan Brumfield,TRUE,FALSE,FALSE,2010,10,Song Collection,CD
400 Super Song Fest- Folk Songs of Today- No. 2,Charles Hansen,TRUE,FALSE,FALSE,1973,5,Song Collection,
Songs of the Earth- Music of the World,Anna Kealoha,TRUE,FALSE,FALSE,1989,5,Song Collection,
The Penguin Book of Canadian Folk Songs,Edith Fowke,TRUE,FALSE,FALSE,1973,5,Song Collection,
The Penguin Book of Canadian Folk Songs,Edith Fowke,TRUE,FALSE,FALSE,1973,5,Song Collection,
The Penguin Book of Canadian Folk Songs,Edith Fowke,TRUE,FALSE,FALSE,1981,5,Song Collection,
The Penguin Book of Canadian Folk Songs,Edith Fowke,TRUE,FALSE,FALSE,1981,5,Song Collection,
Favorite Nursery Rhymes,Novello,TRUE,FALSE,FALSE,?,2,Song Collection,
"Jamaica Play- Ring plays, phymes and rhythms from Jamaica",Dawn Eaton Muir,TRUE,FALSE,FALSE,2021,10,Song Collection,Online Access Code
Sing with Chords,Forrest J. Baird,TRUE,FALSE,FALSE,1967,5,Song Collection,
The irish Songbook- 75 Songs by The Clancy Brothers and Tommy Makem,"Robert DeCormier, Joy Graeme and Pete Hamill",TRUE,FALSE,FALSE,1979,5,Song Collection,
Let's Sing together- listening to music- 1973-1974- Leaflet,"Manitoba, Alberta, BC Dept of Ed and CBC",TRUE,FALSE,FALSE,,free,Song Collection,DVD
"Come on Everybody, Let's Sing (Revised Edition)- Music activities for all children in regular and special classes",Lois Birkenshaw-Felming,TRUE,FALSE,FALSE,2000,10,Song Collection,
The Reader's Digest Children's Songbook- All Time Family Favorites- Includes lyrics pamphlet,,TRUE,FALSE,FALSE,1986,10,Song Collection,
The puffin song book,Leslie Woodgate,,FALSE,FALSE,,5,Song Collection,
"Sally Go Round the Sun- Three hundred children's songs, rhymes and games",Edith Fowke,TRUE,FALSE,FALSE,1969,5,Song Collection,
Folksongs of the Maritimes- From the collection of Helen Creighton and other distinguished Maritime Folklorists,Kaye Pottie and Vernon Ellis,TRUE,FALSE,FALSE,2014,10,Song Collection,
Come a Singing! Canadian Folk Songs,"Marius Barbeau, Arthur Lismer, Arthur Bourinot- National Museum of Canada",TRUE,FALSE,FALSE,1970,5,Song Collection,
"Come Join In- 52 New Rounds, Partner Songs and Short Songs",Elizabeth Glipatrick,TRUE,FALSE,FALSE,,10,Song Collection,
Everybody Sings- All the words to all the songs in the Reader's Digest Canadian Family Songbook,Reader's Digest,TRUE,FALSE,FALSE,,2,Song Collection,
Jean Ritchie's Kentucky Mother Goose,Jean Ritchie and Susan Brumfield,TRUE,FALSE,FALSE,2015,15,Song Collection,CD
"Step it Down- Games, Plays, Songs and Stories from the Afro-American Heritage",Bessie Jones and Bess Lomax Hawes,TRUE,FALSE,FALSE,1987,10,Song Collection,
"Step it Down- Games, Plays, Songs and Stories from the Afro-American Heritage",Bessie Jones and Bess Lomax Hawes,TRUE,FALSE,FALSE,1987,10,Song Collection,
"Eye Winker, Tom Tinker, Chin Chopper- 50 Musical Fingerplays with Piano arrangement and Guitar Chords",Tom Glazer,TRUE,FALSE,FALSE,1970's reissue,5,Song Collection,
"My little rooster- and other folk songs, singing games and play parties",Jill Trinka,TRUE,FALSE,FALSE,,10,Song Collection,CD
Charlotte Diamond's Musical Treasures- A Songbook with activities for teachers and families,,TRUE,FALSE,FALSE,1998,5,Song Collection,
Canadian folks songs for the young,Barbara Cass-Beggs,TRUE,FALSE,FALSE,1992,5,Song Collection,
"Ring Around the Moon- 200 songs, tongue twisters, riddles, and rhymes for children",Edith Fowke,TRUE,FALSE,FALSE,1987,5,Song Collection,
Oranges and Lemons,Karen King,TRUE,FALSE,FALSE,,5,Song Collection,
"Rounds for Children- Over 100 rounds in 2, 3 and 4 parts. ",Amsco publishers,TRUE,FALSE,FALSE,1986,5,Song Collection,
"Mickey's Favorite Children's Songs- Voice, piano, guitar- 172 songs",Disney,TRUE,FALSE,FALSE,1980's,2,Song Collection,
"Elephant Jam- Sharon, Lois and Bram",,TRUE,FALSE,FALSE,1980,5,Song Collection,
Sing and Play on Special Days,Denise Gagne,TRUE,FALSE,FALSE,1997,10,Song Collection,CD
"The big book of children's songs- Piano, vocal guitar",Hal Leonard,TRUE,FALSE,FALSE,,5,Song Collection,
The big book of children's songs- Easy guitar,Hal Leonard,TRUE,FALSE,FALSE,,5,Song Collection,CD
100 Kids' songs- piano vocals guitar,Hal Leonard,TRUE,FALSE,FALSE,,5,Song Collection,
Sail Away-155 American Folk songs to sing read and play,Eleanor Locke,TRUE,FALSE,FALSE,,10,Song Collection,
150 Rounds for Singing and Teaching,Edward Bolovac and Judith Johnson,TRUE,FALSE,FALSE,,10,Song Collection,
I love singalong- 46,"Easy Play Speed Music for all Keyboards, Guitar, Vocal",TRUE,FALSE,FALSE,,5,Song Collection,
"Rise up singing- Wrods, chords and sources to 1200 songs- 15th anniversary edition",Peter Bloood and Annie Patterson,TRUE,FALSE,FALSE,,10,Song Collection,
The Folk Songs of North America,Alan Lomax,TRUE,FALSE,FALSE,,10,Song Collection,
Folk Songs. North America Sings,Richard Johnson,TRUE,FALSE,FALSE,,20,Song Collection,
Lets all sing novelty songs- singers edition,Hal leonard,TRUE,FALSE,FALSE,,2,Song Collection,
Hawaiian Songs- Easy electronic keyboard music #67,,TRUE,FALSE,FALSE,,2,Song Collection,
The first book of campfire songs,Girl Guides,TRUE,FALSE,FALSE,1963,2,Song Collection,
Songs for Canadian Girl Guides,,TRUE,FALSE,FALSE,1957,2,Song Collection,
The second book of campfire songs,,TRUE,FALSE,FALSE,1963,2,Song Collection,
String Explorer- A Journey into the Wonders of String Playing- Cello- Book 1,,TRUE,FALSE,FALSE,2010,2,Strings,CD-ROM
Bach for the Cello- 10 pieces in first position,Charles Krane,TRUE,FALSE,FALSE,2010,2,Strings,
Guitar Basics- A Beginning Guitar Method,Michael Christiansen,TRUE,FALSE,FALSE,1992,5,Strings,
You can teach yourself guitar,Mel bay,TRUE,FALSE,FALSE,,5,Strings,
Fun with the ukulele,Mel bay,TRUE,FALSE,FALSE,,5,Strings,
Music lessons- Grades 1-3- Canadian Curriculum Teacher Helper,Geowat Innovative Teacher Publishing,TRUE,FALSE,FALSE,2004,5,Sub Tub,
Music for Everyone- Pre K to 2nd,Teacher Created Resources,TRUE,FALSE,FALSE,2008,5,Sub Tub,
"101 Music activities- Reinforce ""fun""damentals,listening and literacy",Mary Donnelly,TRUE,FALSE,FALSE,2008,5,Sub Tub,
Help! I'm a Substitute Music Teacher- A Collection of Games and Activities for Survival in the Classroom,Cheryl Lavender,TRUE,FALSE,FALSE,1987- Reissue,8,Sub Tub,
"The Super Amazing Music Activities Book- Ideas and exercises for exploring notes and rhythms, ear training, instrument families, famous composers",Janet Vogt,TRUE,FALSE,FALSE,2007,5,Sub Tub,
"Music is Fun- Grade 4- Explore the world of music to learn about notes, values, beat, symbols, rhythm, musical instruments and composers",On the Mark,TRUE,FALSE,FALSE,2010,5,Sub Tub,
"Music is Fun- Grade 5- Explore the world of music to learn about notes, values, beat, symbols, rhythm, musical instruments and composers",On the Mark,TRUE,FALSE,FALSE,,5,Sub Tub,
"Music is Fun- Grade 6- Explore the world of music to learn about notes, values, beat, symbols, rhythm, musical instruments and composers",On the Mark,TRUE,FALSE,FALSE,,5,Sub Tub,
Junior music for fall- Music made easy series,On the Mark,TRUE,FALSE,FALSE,,5,Sub Tub,
Junior music for spring- Music made easy series,On the Mark,TRUE,FALSE,FALSE,,5,Sub Tub,
The Music Tree- A Plan for Musical Growth,Frances Clark; Louise Goss,TRUE,FALSE,FALSE,1973,$5,Theory,
"A Celebration of Notes- Naming, Drawing, Playing, Hearing- Book 2",Jane Simsor Bastien,TRUE,FALSE,FALSE,1990,$5,Theory,
Music Puzzles- Fun for Everyone,Black Cat Productions,TRUE,FALSE,FALSE,2001,5,Theory,
Sound Foundation- Practical Jazz/Blues Theory- Revised 2000,Joyce Pinckney,TRUE,FALSE,FALSE,2000,5,Theory,
Music Fun- Book 1,Marion Kurutz and Grace Reever,TRUE,FALSE,FALSE,1977,5,Theory,
Music encounters- theory book for group music theory classes,June Montgomery and Martha Mier,TRUE,FALSE,FALSE,1984,5,Theory,
How to read music,Alan Charlton,TRUE,FALSE,FALSE,2008,5,Theory,
Harmony and Theory- A comprehensive source for all musicians,Keith Wyatt and Carl Schroeder,TRUE,FALSE,FALSE,,10,Theory,
"Tinwhistle Today- How to play celtic, folk, blues, jazz, rock and classical music",David Harp,TRUE,FALSE,FALSE,2003,5,Tin Whistle,
Traditional Irish Flute Solos- the Turoe Stone collection vol. 2,Vincent Broderick,TRUE,FALSE,FALSE,,5,Tin Whistle,CD
Gaelic Songs in Nova Scotia,Helen Creighton and Calum MacLeod,TRUE,FALSE,FALSE,,5,Tin Whistle,
An illustrated history of Irish songs and music,Megan O Suilleabhain,TRUE,FALSE,FALSE,,5,Tin Whistle,
Ukulele Encore- Songs and Arrangements for the Ukulelle,J. Chalmers Doane,TRUE,FALSE,FALSE,1975,5,Ukulele,
Classroom Ukulele- Book One,J. Chalmers Doane,TRUE,FALSE,FALSE,1979,5,Ukulele,
First 50 Kids' songs you should play on ukulele,Hal Leonard,TRUE,FALSE,FALSE,,10,Ukulele,
Little Ukers- A comprehensive ukulele method for young students- 2nd edition- Level 1- C Tuning- (low) G C E A,Melissa McKnight,TRUE,FALSE,FALSE,2007,10,Ukulele,
Ukulele in the classroom- Book 1- Student's Ed- C6 tuning,James Hill and Chalmers Doane,TRUE,FALSE,FALSE,2009,5,Ukulele,
Ukulele in the classroom- Book 1- Student's Ed- D6 tuning,James Hill and Chalmers Doane,TRUE,FALSE,FALSE,2009,5,Ukulele,
Uke'n Play Ukulele- Learn to play instantly with chords and lyrics to over 50 songs,Mike Jackson,TRUE,FALSE,FALSE,2013,5,Ukulele,CD
Play Ukulele Today- Starter Pack- Levels 1-2 and DVD,Hal Leonard,TRUE,FALSE,FALSE,,10,Ukulele,
You Can Teach Yourself Ukulele,William Bay,TRUE,FALSE,FALSE,,5,Ukulele,DVD
Fun with the ukulele,Mel Bay 1961,TRUE,FALSE,FALSE,,2,Ukulele,
Yoga in Motion Workbook- Companion playbook for yoga in motion interactive video and happy and cozy music,Alima Clarke and Shakta Kaur Khalsa,TRUE,FALSE,FALSE,2008,5,Yoga for Children,
"Radiant Child Yoga in Motion-DVD- A perfect blend of music, meditation, affirmation, dance and yoga for children",Shakta Kaur Khalsa and friends,TRUE,FALSE,FALSE,,10,Yoga for Children,DVD
Yoga in action- A bobbie kalman book,,TRUE,FALSE,FALSE,,5,Yoga for Children,
,,FALSE,FALSE,FALSE,,,,
,,FALSE,FALSE,FALSE,,,,
,,FALSE,FALSE,FALSE,,,,
,,FALSE,FALSE,FALSE,,,,
,,FALSE,FALSE,FALSE,,,,
,,FALSE,FALSE,FALSE,,,,
,,FALSE,FALSE,FALSE,,,,
,,FALSE,FALSE,FALSE,,,,
,,FALSE,FALSE,FALSE,,,,
,,FALSE,FALSE,FALSE,,,,
,,FALSE,FALSE,FALSE,,,,
,,FALSE,FALSE,FALSE,,,,
,,FALSE,FALSE,FALSE,,,,
,,FALSE,FALSE,FALSE,,,,
,,FALSE,FALSE,FALSE,,,,
,,FALSE,FALSE,FALSE,,,,
,,FALSE,FALSE,FALSE,,,,
,,FALSE,FALSE,FALSE,,,,
,,FALSE,FALSE,FALSE,,,,
,,FALSE,FALSE,FALSE,,,,
,,FALSE,FALSE,FALSE,,,,
,,FALSE,FALSE,FALSE,,,,
,,FALSE,FALSE,FALSE,,,,
,,FALSE,FALSE,FALSE,,,,
,,FALSE,FALSE,FALSE,,,,
,,FALSE,FALSE,FALSE,,,,
,,FALSE,FALSE,FALSE,,,,
,,FALSE,FALSE,FALSE,,,,
,,FALSE,FALSE,FALSE,,,,
,,FALSE,FALSE,FALSE,,,,
,,FALSE,FALSE,FALSE,,,,
,,FALSE,FALSE,FALSE,,,,
,,FALSE,FALSE,FALSE,,,,
,,FALSE,FALSE,FALSE,,,,
,,FALSE,FALSE,FALSE,,,,
,,FALSE,FALSE,FALSE,,,,
,,FALSE,FALSE,FALSE,,,,
,,FALSE,FALSE,FALSE,,,,
,,FALSE,FALSE,FALSE,,,,
,,FALSE,FALSE,FALSE,,,,
,,FALSE,FALSE,FALSE,,,,
,,FALSE,FALSE,FALSE,,,,
,,FALSE,FALSE,FALSE,,,,
,,FALSE,FALSE,FALSE,,,,
,,FALSE,FALSE,FALSE,,,,
,,FALSE,FALSE,FALSE,,,,
,,FALSE,FALSE,FALSE,,,,
,,FALSE,FALSE,FALSE,,,,
,,FALSE,FALSE,FALSE,,,,
,,FALSE,FALSE,FALSE,,,,
,,FALSE,FALSE,FALSE,,,,
,,FALSE,FALSE,FALSE,,,,
,,FALSE,FALSE,FALSE,,,,
,,FALSE,FALSE,FALSE,,,,
,,FALSE,FALSE,FALSE,,,,
,,FALSE,FALSE,FALSE,,,,
,,FALSE,FALSE,FALSE,,,,
,,FALSE,FALSE,FALSE,,,,
,,FALSE,FALSE,FALSE,,,,
,,FALSE,FALSE,FALSE,,,,
,,FALSE,FALSE,FALSE,,,,
,,FALSE,FALSE,FALSE,,,,
,,FALSE,FALSE,FALSE,,,,
,,FALSE,FALSE,FALSE,,,,
,,FALSE,FALSE,FALSE,,,,
,,FALSE,FALSE,FALSE,,,,
,,FALSE,FALSE,FALSE,,,,
,,FALSE,FALSE,FALSE,,,,
,,FALSE,FALSE,FALSE,,,,
,,FALSE,FALSE,FALSE,,,,
,,FALSE,FALSE,FALSE,,,,
,,FALSE,FALSE,FALSE,,,,
,,FALSE,FALSE,FALSE,,,,
,,FALSE,FALSE,FALSE,,,,
,,FALSE,FALSE,FALSE,,,,
,,FALSE,FALSE,FALSE,,,,
,,FALSE,FALSE,FALSE,,,,
,,FALSE,FALSE,FALSE,,,,
,,FALSE,FALSE,FALSE,,,,
,,FALSE,FALSE,FALSE,,,,
,,FALSE,FALSE,FALSE,,,,
,,FALSE,FALSE,FALSE,,,,
,,FALSE,FALSE,FALSE,,,,
,,FALSE,FALSE,FALSE,,,,
,,FALSE,FALSE,FALSE,,,,
,,FALSE,FALSE,FALSE,,,,
,,FALSE,FALSE,FALSE,,,,
,,FALSE,FALSE,FALSE,,,,
,,FALSE,FALSE,FALSE,,,,
,,FALSE,FALSE,FALSE,,,,
,,FALSE,FALSE,FALSE,,,,
,,FALSE,FALSE,FALSE,,,,
,,FALSE,FALSE,FALSE,,,,
,,FALSE,FALSE,FALSE,,,,
,,FALSE,FALSE,FALSE,,,,
,,FALSE,FALSE,FALSE,,,,
,,FALSE,FALSE,FALSE,,,,
,,FALSE,FALSE,FALSE,,,,
,,FALSE,FALSE,FALSE,,,,
,,FALSE,FALSE,FALSE,,,,
,,FALSE,FALSE,FALSE,,,,
,,FALSE,FALSE,FALSE,,,,
,,FALSE,FALSE,FALSE,,,,
,,FALSE,FALSE,FALSE,,,,
,,FALSE,FALSE,FALSE,,,,
,,FALSE,FALSE,FALSE,,,,
,,FALSE,FALSE,FALSE,,,,
,,FALSE,FALSE,FALSE,,,,
,,FALSE,FALSE,FALSE,,,,
,,FALSE,FALSE,FALSE,,,,
,,FALSE,FALSE,FALSE,,,,
,,FALSE,FALSE,FALSE,,,,
,,FALSE,FALSE,FALSE,,,,
,,FALSE,FALSE,FALSE,,,,
,,FALSE,FALSE,FALSE,,,,
,,FALSE,FALSE,FALSE,,,,
,,FALSE,FALSE,FALSE,,,,
,,FALSE,FALSE,FALSE,,,,
,,FALSE,FALSE,FALSE,,,,
,,FALSE,FALSE,FALSE,,,,
,,FALSE,FALSE,FALSE,,,,
,,FALSE,FALSE,FALSE,,,,
,,FALSE,FALSE,FALSE,,,,
,,FALSE,FALSE,FALSE,,,,
,,FALSE,FALSE,FALSE,,,,
,,FALSE,FALSE,FALSE,,,,
,,FALSE,FALSE,FALSE,,,,
,,FALSE,FALSE,FALSE,,,,
,,FALSE,FALSE,FALSE,,,,
,,FALSE,FALSE,FALSE,,,,
,,FALSE,FALSE,FALSE,,,,
,,FALSE,FALSE,FALSE,,,,
,,FALSE,FALSE,FALSE,,,,
,,FALSE,FALSE,FALSE,,,,
,,FALSE,FALSE,FALSE,,,,
,,FALSE,FALSE,FALSE,,,,
,,FALSE,FALSE,FALSE,,,,
,,FALSE,FALSE,FALSE,,,,
,,FALSE,FALSE,FALSE,,,,
,,FALSE,FALSE,FALSE,,,,
,,FALSE,FALSE,FALSE,,,,
,,FALSE,FALSE,FALSE,,,,
,,FALSE,FALSE,FALSE,,,,
,,FALSE,FALSE,FALSE,,,,
,,FALSE,FALSE,FALSE,,,,
,,FALSE,FALSE,FALSE,,,,
,,FALSE,FALSE,FALSE,,,,
,,FALSE,FALSE,FALSE,,,,
,,FALSE,FALSE,FALSE,,,,
,,FALSE,FALSE,FALSE,,,,
,,FALSE,FALSE,FALSE,,,,
,,FALSE,FALSE,FALSE,,,,
,,FALSE,FALSE,FALSE,,,,
,,FALSE,FALSE,FALSE,,,,
,,FALSE,FALSE,FALSE,,,,
,,FALSE,FALSE,FALSE,,,,
,,FALSE,FALSE,FALSE,,,,
,,FALSE,FALSE,FALSE,,,,
,,FALSE,FALSE,FALSE,,,,
,,FALSE,FALSE,FALSE,,,,
,,FALSE,FALSE,FALSE,,,,
,,FALSE,FALSE,FALSE,,,,
,,FALSE,FALSE,FALSE,,,,
,,FALSE,FALSE,FALSE,,,,
,,FALSE,FALSE,FALSE,,,,
,,FALSE,FALSE,FALSE,,,,
,,FALSE,FALSE,FALSE,,,,
,,FALSE,FALSE,FALSE,,,,
,,FALSE,FALSE,FALSE,,,,
,,FALSE,FALSE,FALSE,,,,
,,FALSE,FALSE,FALSE,,,,
,,FALSE,FALSE,FALSE,,,,
,,FALSE,FALSE,FALSE,,,,
,,FALSE,FALSE,FALSE,,,,
,,FALSE,FALSE,FALSE,,,,
,,FALSE,FALSE,FALSE,,,,
,,FALSE,FALSE,FALSE,,,,
,,FALSE,FALSE,FALSE,,,,
,,FALSE,FALSE,FALSE,,,,
,,FALSE,FALSE,FALSE,,,,
,,FALSE,FALSE,FALSE,,,,
,,FALSE,FALSE,FALSE,,,,
,,FALSE,FALSE,FALSE,,,,
,,FALSE,FALSE,FALSE,,,,
,,FALSE,FALSE,FALSE,,,,
,,FALSE,FALSE,FALSE,,,,
,,FALSE,FALSE,FALSE,,,,
,,FALSE,FALSE,FALSE,,,,
,,FALSE,FALSE,FALSE,,,,
,,FALSE,FALSE,FALSE,,,,
,,FALSE,FALSE,FALSE,,,,
,,FALSE,FALSE,FALSE,,,,
,,FALSE,FALSE,FALSE,,,,
,,FALSE,FALSE,FALSE,,,,
,,FALSE,FALSE,FALSE,,,,
,,FALSE,FALSE,FALSE,,,,
,,FALSE,FALSE,FALSE,,,,
,,FALSE,FALSE,FALSE,,,,
,,FALSE,FALSE,FALSE,,,,
,,FALSE,FALSE,FALSE,,,,
,,FALSE,FALSE,FALSE,,,,
,,FALSE,FALSE,FALSE,,,,
,,FALSE,FALSE,FALSE,,,,
,,FALSE,FALSE,FALSE,,,,
,,FALSE,FALSE,FALSE,,,,
,,FALSE,FALSE,FALSE,,,,
,,FALSE,FALSE,FALSE,,,,
,,FALSE,FALSE,FALSE,,,,
,,FALSE,FALSE,FALSE,,,,
,,FALSE,FALSE,FALSE,,,,
,,FALSE,FALSE,FALSE,,,,
,,FALSE,FALSE,FALSE,,,,
,,FALSE,FALSE,FALSE,,,,
,,FALSE,FALSE,FALSE,,,,
,,FALSE,FALSE,FALSE,,,,
,,FALSE,FALSE,FALSE,,,,
,,FALSE,FALSE,FALSE,,,,
,,FALSE,FALSE,FALSE,,,,
,,FALSE,FALSE,FALSE,,,,
,,FALSE,FALSE,FALSE,,,,
,,FALSE,FALSE,FALSE,,,,
,,FALSE,FALSE,FALSE,,,,
,,FALSE,FALSE,FALSE,,,,
,,FALSE,FALSE,FALSE,,,,
,,FALSE,FALSE,FALSE,,,,
,,FALSE,FALSE,FALSE,,,,
,,FALSE,FALSE,FALSE,,,,
,,FALSE,FALSE,FALSE,,,,
,,FALSE,FALSE,FALSE,,,,
,,FALSE,FALSE,FALSE,,,,
,,FALSE,FALSE,FALSE,,,,
,,FALSE,FALSE,FALSE,,,,
,,FALSE,FALSE,FALSE,,,,
,,FALSE,FALSE,FALSE,,,,
,,FALSE,FALSE,FALSE,,,,
,,FALSE,FALSE,FALSE,,,,
,,FALSE,FALSE,FALSE,,,,
,,FALSE,FALSE,FALSE,,,,
,,FALSE,FALSE,FALSE,,,,
,,FALSE,FALSE,FALSE,,,,
,,FALSE,FALSE,FALSE,,,,
,,FALSE,FALSE,FALSE,,,,
,,FALSE,FALSE,FALSE,,,,
,,FALSE,FALSE,FALSE,,,,
,,FALSE,FALSE,FALSE,,,,
,,FALSE,FALSE,FALSE,,,,
,,FALSE,FALSE,FALSE,,,,
,,FALSE,FALSE,FALSE,,,,
,,FALSE,FALSE,FALSE,,,,
,,FALSE,FALSE,FALSE,,,,
,,FALSE,FALSE,FALSE,,,,
,,FALSE,FALSE,FALSE,,,,
,,FALSE,FALSE,FALSE,,,,
,,FALSE,FALSE,FALSE,,,,
,,FALSE,FALSE,FALSE,,,,
,,FALSE,FALSE,FALSE,,,,
,,FALSE,FALSE,FALSE,,,,
,,FALSE,FALSE,FALSE,,,,
,,FALSE,FALSE,FALSE,,,,
,,FALSE,FALSE,FALSE,,,,
,,FALSE,FALSE,FALSE,,,,
,,FALSE,FALSE,FALSE,,,,
,,FALSE,FALSE,FALSE,,,,
,,FALSE,FALSE,FALSE,,,,
,,FALSE,FALSE,FALSE,,,,
,,FALSE,FALSE,FALSE,,,,
,,FALSE,FALSE,FALSE,,,,
,,FALSE,FALSE,FALSE,,,,
,,FALSE,FALSE,FALSE,,,,
,,FALSE,FALSE,FALSE,,,,
,,FALSE,FALSE,FALSE,,,,
,,FALSE,FALSE,FALSE,,,,
,,FALSE,FALSE,FALSE,,,,
,,FALSE,FALSE,FALSE,,,,
,,FALSE,FALSE,FALSE,,,,
,,FALSE,FALSE,FALSE,,,,
,,FALSE,FALSE,FALSE,,,,
,,FALSE,FALSE,FALSE,,,,
,,FALSE,FALSE,FALSE,,,,
,,FALSE,FALSE,FALSE,,,,
,,FALSE,FALSE,FALSE,,,,
,,FALSE,FALSE,FALSE,,,,
,,FALSE,FALSE,FALSE,,,,
,,FALSE,FALSE,FALSE,,,,
,,FALSE,FALSE,FALSE,,,,
,,FALSE,FALSE,FALSE,,,,
,,FALSE,FALSE,FALSE,,,,
,,FALSE,FALSE,FALSE,,,,
,,FALSE,FALSE,FALSE,,,,
,,FALSE,FALSE,FALSE,,,,
,,FALSE,FALSE,FALSE,,,,
,,FALSE,FALSE,FALSE,,,,
,,FALSE,FALSE,FALSE,,,,
,,FALSE,FALSE,FALSE,,,,
,,FALSE,FALSE,FALSE,,,,
,,FALSE,FALSE,FALSE,,,,
,,FALSE,FALSE,FALSE,,,,
,,FALSE,FALSE,FALSE,,,,
,,FALSE,FALSE,FALSE,,,,
,,FALSE,FALSE,FALSE,,,,
,,FALSE,FALSE,FALSE,,,,
,,FALSE,FALSE,FALSE,,,,
,,FALSE,FALSE,FALSE,,,,
,,FALSE,FALSE,FALSE,,,,
,,FALSE,FALSE,FALSE,,,,
,,FALSE,FALSE,FALSE,,,,
,,FALSE,FALSE,FALSE,,,,
,,FALSE,FALSE,FALSE,,,,
,,FALSE,FALSE,FALSE,,,,
,,FALSE,FALSE,FALSE,,,,
,,FALSE,FALSE,FALSE,,,,
,,FALSE,FALSE,FALSE,,,,
,,FALSE,FALSE,FALSE,,,,
,,FALSE,FALSE,FALSE,,,,
,,FALSE,FALSE,FALSE,,,,
,,FALSE,FALSE,FALSE,,,,
,,FALSE,FALSE,FALSE,,,,
,,FALSE,FALSE,FALSE,,,,
,,FALSE,FALSE,FALSE,,,,
,,FALSE,FALSE,FALSE,,,,
,,FALSE,FALSE,FALSE,,,,
,,FALSE,FALSE,FALSE,,,,
,,FALSE,FALSE,FALSE,,,,
,,FALSE,FALSE,FALSE,,,,
,,FALSE,FALSE,FALSE,,,,
,,FALSE,FALSE,FALSE,,,,
,,FALSE,FALSE,FALSE,,,,
,,FALSE,FALSE,FALSE,,,,
,,FALSE,FALSE,FALSE,,,,
,,FALSE,FALSE,FALSE,,,,
,,FALSE,FALSE,FALSE,,,,
,,FALSE,FALSE,FALSE,,,,
,,FALSE,FALSE,FALSE,,,,
,,FALSE,FALSE,FALSE,,,,
,,FALSE,FALSE,FALSE,,,,
,,FALSE,FALSE,FALSE,,,,
,,FALSE,FALSE,FALSE,,,,
,,FALSE,FALSE,FALSE,,,,
,,FALSE,FALSE,FALSE,,,,
,,FALSE,FALSE,FALSE,,,,
,,FALSE,FALSE,FALSE,,,,
,,FALSE,FALSE,FALSE,,,,
,,FALSE,FALSE,FALSE,,,,
,,FALSE,FALSE,FALSE,,,,
,,FALSE,FALSE,FALSE,,,,
,,FALSE,FALSE,FALSE,,,,
,,FALSE,FALSE,FALSE,,,,
,,FALSE,FALSE,FALSE,,,,
,,FALSE,FALSE,FALSE,,,,
,,FALSE,FALSE,FALSE,,,,
,,FALSE,FALSE,FALSE,,,,
,,FALSE,FALSE,FALSE,,,,
,,FALSE,FALSE,FALSE,,,,
,,FALSE,FALSE,FALSE,,,,
,,FALSE,FALSE,FALSE,,,,
,,FALSE,FALSE,FALSE,,,,
,,FALSE,FALSE,FALSE,,,,
,,FALSE,FALSE,FALSE,,,,
,,FALSE,FALSE,FALSE,,,,
,,FALSE,FALSE,FALSE,,,,
,,FALSE,FALSE,FALSE,,,,
,,FALSE,FALSE,FALSE,,,,
,,FALSE,FALSE,FALSE,,,,
,,FALSE,FALSE,FALSE,,,,
,,FALSE,FALSE,FALSE,,,,
,,FALSE,FALSE,FALSE,,,,
,,FALSE,FALSE,FALSE,,,,
,,FALSE,FALSE,FALSE,,,,
,,FALSE,FALSE,FALSE,,,,
,,FALSE,FALSE,FALSE,,,,
,,FALSE,FALSE,FALSE,,,,
,,FALSE,FALSE,FALSE,,,,
,,FALSE,FALSE,FALSE,,,,
,,FALSE,FALSE,FALSE,,,,
,,FALSE,FALSE,FALSE,,,,
,,FALSE,FALSE,FALSE,,,,
,,FALSE,FALSE,FALSE,,,,
,,FALSE,FALSE,FALSE,,,,
,,FALSE,FALSE,FALSE,,,,
,,FALSE,FALSE,FALSE,,,,
,,FALSE,FALSE,FALSE,,,,
,,FALSE,FALSE,FALSE,,,,
,,FALSE,FALSE,FALSE,,,,
,,FALSE,FALSE,FALSE,,,,
,,FALSE,FALSE,FALSE,,,,
,,FALSE,FALSE,FALSE,,,,
,,FALSE,FALSE,FALSE,,,,
,,FALSE,FALSE,FALSE,,,,
,,FALSE,FALSE,FALSE,,,,
,,FALSE,FALSE,FALSE,,,,
,,FALSE,FALSE,FALSE,,,,
,,FALSE,FALSE,FALSE,,,,
,,FALSE,FALSE,FALSE,,,,
,,FALSE,FALSE,FALSE,,,,
,,FALSE,FALSE,FALSE,,,,
,,FALSE,FALSE,FALSE,,,,
,,FALSE,FALSE,FALSE,,,,
,,FALSE,FALSE,FALSE,,,,
,,FALSE,FALSE,FALSE,,,,
,,FALSE,FALSE,FALSE,,,,
,,FALSE,FALSE,FALSE,,,,
,,FALSE,FALSE,FALSE,,,,
,,FALSE,FALSE,FALSE,,,,
,,FALSE,FALSE,FALSE,,,,
,,FALSE,FALSE,FALSE,,,,
,,FALSE,FALSE,FALSE,,,,
,,FALSE,FALSE,FALSE,,,,
,,FALSE,FALSE,FALSE,,,,
,,FALSE,FALSE,FALSE,,,,
,,FALSE,FALSE,FALSE,,,,
,,FALSE,FALSE,FALSE,,,,
,,FALSE,FALSE,FALSE,,,,
,,FALSE,FALSE,FALSE,,,,
,,FALSE,FALSE,FALSE,,,,
,,FALSE,FALSE,FALSE,,,,
,,FALSE,FALSE,FALSE,,,,
,,FALSE,FALSE,FALSE,,,,
,,FALSE,FALSE,FALSE,,,,
,,FALSE,FALSE,FALSE,,,,
,,FALSE,FALSE,FALSE,,,,
,,FALSE,FALSE,FALSE,,,,
,,FALSE,FALSE,FALSE,,,,
,,FALSE,FALSE,FALSE,,,,
,,FALSE,FALSE,FALSE,,,,
,,FALSE,FALSE,FALSE,,,,
,,FALSE,FALSE,FALSE,,,,
,,FALSE,FALSE,FALSE,,,,
,,FALSE,FALSE,FALSE,,,,
,,FALSE,FALSE,FALSE,,,,
,,FALSE,FALSE,FALSE,,,,
,,FALSE,FALSE,FALSE,,,,
,,FALSE,FALSE,FALSE,,,,
,,FALSE,FALSE,FALSE,,,,
,,FALSE,FALSE,FALSE,,,,
,,FALSE,FALSE,FALSE,,,,
,,FALSE,FALSE,FALSE,,,,
,,FALSE,FALSE,FALSE,,,,
,,FALSE,FALSE,FALSE,,,,
,,FALSE,FALSE,FALSE,,,,
,,FALSE,FALSE,FALSE,,,,
,,FALSE,FALSE,FALSE,,,,
,,FALSE,FALSE,FALSE,,,,
,,FALSE,FALSE,FALSE,,,,
,,FALSE,FALSE,FALSE,,,,
,,FALSE,FALSE,FALSE,,,,
,,FALSE,FALSE,FALSE,,,,
,,FALSE,FALSE,FALSE,,,,
,,FALSE,FALSE,FALSE,,,,
,,FALSE,FALSE,FALSE,,,,
,,FALSE,FALSE,FALSE,,,,
,,FALSE,FALSE,FALSE,,,,
,,FALSE,FALSE,FALSE,,,,
,,FALSE,FALSE,FALSE,,,,
,,FALSE,FALSE,FALSE,,,,
,,FALSE,FALSE,FALSE,,,,
,,FALSE,FALSE,FALSE,,,,
,,FALSE,FALSE,FALSE,,,,
,,FALSE,FALSE,FALSE,,,,
,,FALSE,FALSE,FALSE,,,,
,,FALSE,FALSE,FALSE,,,,
,,FALSE,FALSE,FALSE,,,,
,,FALSE,FALSE,FALSE,,,,
,,FALSE,FALSE,FALSE,,,,
,,FALSE,FALSE,FALSE,,,,
,,FALSE,FALSE,FALSE,,,,
,,FALSE,FALSE,FALSE,,,,
,,FALSE,FALSE,FALSE,,,,
,,FALSE,FALSE,FALSE,,,,
,,FALSE,FALSE,FALSE,,,,
,,FALSE,FALSE,FALSE,,,,
,,FALSE,FALSE,FALSE,,,,
,,FALSE,FALSE,FALSE,,,,
,,FALSE,FALSE,FALSE,,,,
,,FALSE,FALSE,FALSE,,,,
,,FALSE,FALSE,FALSE,,,,
,,FALSE,FALSE,FALSE,,,,
,,FALSE,FALSE,FALSE,,,,
,,FALSE,FALSE,FALSE,,,,
,,FALSE,FALSE,FALSE,,,,
,,FALSE,FALSE,FALSE,,,,
,,FALSE,FALSE,FALSE,,,,
,,FALSE,FALSE,FALSE,,,,
,,FALSE,FALSE,FALSE,,,,
,,FALSE,FALSE,FALSE,,,,
,,FALSE,FALSE,FALSE,,,,
,,FALSE,FALSE,FALSE,,,,
,,FALSE,FALSE,FALSE,,,,
,,FALSE,FALSE,FALSE,,,,
,,FALSE,FALSE,FALSE,,,,